"","baseMean","log2FoldChange","lfcSE","stat","pvalue","padj","Kingdom","Phylum","Class","Order","Family","Genus","Species"
"b81b44fa9c290fb7797fdd7b34cbabf5",14.3619674239854,-2.72018037735259,0.358876211399445,-7.5797177158809,3.46307609583658e-14,1.38899465148228e-13,"Archaea","Thaumarchaeota","Nitrososphaeria","Nitrosotaleales","Nitrosotaleaceae","Candidatus Nitrosotalea","uncultured archaeon"
"404ba346f82cba6901e1ab750ba137c6",2.24351618704462,-0.954537221479004,0.257610514809274,-3.70535038985389,0.000211098704959078,0.00045956001256578,"Archaea","Thaumarchaeota","Nitrososphaeria","Nitrososphaerales","Nitrososphaeraceae","Candidatus Nitrososphaera",NA
"4fce50300689cd05b738957e24dd7942",25.1710529049904,-2.193606246142,0.347397086090941,-6.31440600387696,2.71201096526762e-10,8.48078005240469e-10,"Archaea","Thaumarchaeota","Nitrososphaeria","Nitrososphaerales","Nitrososphaeraceae",NA,NA
"c77612d0cea78a7761e05637d8be4bec",4.95526431722942,-1.15015510388699,0.300890799318514,-3.82250007807473,0.000132105436781237,0.00029016015578736,"Archaea","Thaumarchaeota","Nitrososphaeria","Nitrososphaerales","Nitrososphaeraceae",NA,NA
"4cb45925222e0a6a4ece9ee2096f59ef",14.3632618055392,1.17707125720947,0.32896073809467,3.57815119222747,0.000346033274350096,0.000744526403703704,"Archaea","Thaumarchaeota","Nitrososphaeria","Nitrososphaerales","Nitrososphaeraceae","Candidatus Nitrocosmicus",NA
"c26ab41a98da234b363570ee469fe811",22.1974772389745,-2.5555835545545,0.345166708391578,-7.40391089993329,1.32231163666609e-13,5.10924600973601e-13,"Archaea","Thaumarchaeota","Nitrososphaeria","Nitrososphaerales","Nitrososphaeraceae",NA,NA
"d5b34ac7925dbf36ebd52d721f778600",3.9752347126247,-2.23329752791567,0.297433793276101,-7.50855342735905,5.97842872510542e-14,2.35940128295604e-13,"Bacteria","Acidobacteria","Blastocatellia (Subgroup 4)","Pyrinomonadales","Pyrinomonadaceae","RB41",NA
"96a620a587aac252ba6f34d71a2c1622",47.1850958808258,-5.19802262080913,0.389604799841164,-13.34178280896,1.32258261510464e-40,1.6267766165787e-39,"Bacteria","Acidobacteria","Blastocatellia (Subgroup 4)","Pyrinomonadales","Pyrinomonadaceae","RB41",NA
"496f4479dfac22ddc35e5728f0c976c6",23.3305616379833,-3.06049150634631,0.362392463516779,-8.44524049050653,3.03420159780074e-17,1.45405245401101e-16,"Bacteria","Acidobacteria","Blastocatellia (Subgroup 4)","Pyrinomonadales","Pyrinomonadaceae","RB41",NA
"07a314b6d204d004a53ada9a9babacaf",9.07195888983899,-2.89305640123919,0.311875755101635,-9.27631069076337,1.75448461650453e-20,9.66275855955482e-20,"Bacteria","Acidobacteria","Acidobacteriia","Acidobacteriales","uncultured",NA,NA
"0e1740453f61fc5bda28913b0f7ec2e4",3.93474264605898,-1.66540198196183,0.25586667246974,-6.50886637906619,7.57200373778402e-11,2.45093805196693e-10,"Bacteria","Acidobacteria","Acidobacteriia","Acidobacteriales","Acidobacteriaceae (Subgroup 1)","Edaphobacter",NA
"f902947e368d991a7efdc0f90870e219",4.39161877790938,-2.28099501040708,0.265335503587867,-8.59664454836785,8.20807202670078e-18,4.09294402412512e-17,"Bacteria","Acidobacteria","Acidobacteriia","Acidobacteriales","Acidobacteriaceae (Subgroup 1)","uncultured","Acidobacteria bacterium AB60"
"09842a93670750b1ebe07520e1b204d3",7.36600611629203,-1.15413331901354,0.295675616226215,-3.90337672664405,9.48598754525131e-05,0.000211500266114667,"Bacteria","Acidobacteria","Acidobacteriia","Acidobacteriales","Acidobacteriaceae (Subgroup 1)","Acidipila",NA
"1d08869c0faffa411fdea44ec2158978",2.86433193848784,-1.51345707518655,0.251833348926346,-6.00975637912513,1.8580231937954e-09,5.55150249806075e-09,"Bacteria","Acidobacteria","Acidobacteriia","Acidobacteriales","Acidobacteriaceae (Subgroup 1)","Granulicella","bacterium enrichment culture clone auto193_4W"
"0ecbb5e30e696e08dc731ca491c4e982",4.24037528867708,-1.9405838833998,0.2445239694895,-7.9361703781074,2.08519522906516e-15,8.94694232005864e-15,"Bacteria","Acidobacteria","Acidobacteriia","Acidobacteriales","Acidobacteriaceae (Subgroup 1)","uncultured","uncultured Acidobacteriales bacterium"
"93aebb0c27f8841a5a91b72facb8cc70",27.6113943090433,-4.97765647364381,0.290089978745561,-17.1590087157397,5.38244858572163e-66,1.89154621726789e-64,"Bacteria","Acidobacteria","Acidobacteriia","Acidobacteriales","Koribacteraceae","Candidatus Koribacter",NA
"9fe00ec9058203bc71317a839bb2ca15",4.66208036762738,-2.2696815725148,0.269380674990647,-8.42555455246966,3.59045652100284e-17,1.70952058870974e-16,"Bacteria","Acidobacteria","Acidobacteriia","Acidobacteriales","uncultured",NA,NA
"c27cddd00581086c6392c202f5acab81",2.71306903058943,-1.05979479451617,0.261855487901772,-4.04725065343569,5.18227390424736e-05,0.000118406134406643,"Bacteria","Acidobacteria","Acidobacteriia","Solibacterales","Solibacteraceae (Subgroup 3)","Candidatus Solibacter",NA
"90f5b435825e3eec634c9b21900501a7",2.47718801689246,-1.63059300591684,0.250335483709254,-6.51363115510486,7.33554963735741e-11,2.39541399662379e-10,"Bacteria","Acidobacteria","Acidobacteriia","Solibacterales","Solibacteraceae (Subgroup 3)","Candidatus Solibacter",NA
"7b0016eafac53cffe9809626d3d7d7f7",5.42180640168542,-2.78288870562192,0.28578947578237,-9.73754788556701,2.08525307662247e-22,1.31531347910033e-21,"Bacteria","Acidobacteria","Acidobacteriia","Solibacterales","Solibacteraceae (Subgroup 3)","Candidatus Solibacter",NA
"2eb68c719abf8bc385cb19d6bb08af60",1.56831093770076,-0.872611691220312,0.216481222969236,-4.03088858817247,5.5566379812669e-05,0.000126567865128857,"Bacteria","Chloroflexi","Anaerolineae","SBR1031","A4b",NA,NA
"2ac527f0c2e5c1c353302719df762b41",3.30722963143342,-1.85065056789472,0.255479079525032,-7.2438438847334,4.36143428493223e-13,1.61745653380904e-12,"Bacteria","Chloroflexi","Dehalococcoidia","S085","uncultured bacterium 5G4","uncultured bacterium 5G4","uncultured bacterium 5G4"
"2c4bca143acc81fb9ac89e52a73d011b",2.74810980189714,-1.14811766063349,0.253972434505756,-4.52063887511172,6.16532836512598e-06,1.50662660048443e-05,"Bacteria","Chloroflexi","KD4-96","uncultured bacterium","uncultured bacterium","uncultured bacterium","uncultured bacterium"
"acb2b22fdd69ad67daba580983ced235",6.21768155330271,-2.24435331833061,0.289480728720379,-7.7530318797094,8.97240814316225e-15,3.76229386912144e-14,"Bacteria","Chloroflexi","KD4-96","bacterium Ellin6529","bacterium Ellin6529","bacterium Ellin6529","bacterium Ellin6529"
"69f14e62dd5ecf16fb75224ef3aec1a0",2.4064808637064,-1.16497978780577,0.255507184351636,-4.55947957299896,5.12805443994637e-06,1.25731035770114e-05,"Bacteria","Chloroflexi","KD4-96","bacterium Ellin6529","bacterium Ellin6529","bacterium Ellin6529","bacterium Ellin6529"
"09486b9755a2537abc195a10a55a0994",2.56009395011912,-1.76553097033642,0.255616865899583,-6.90694240430127,4.95210867233508e-12,1.7320645498499e-11,"Bacteria","Chloroflexi","Chloroflexia","Chloroflexales","Roseiflexaceae","uncultured",NA
"dddf619753e1d62c73487d08f4a711f5",23.4434114264479,-4.70283696056222,0.354127955346457,-13.2800500202286,3.02192236895759e-40,3.65603066932902e-39,"Bacteria","Chloroflexi","Chloroflexia","Chloroflexales","Roseiflexaceae","uncultured","uncultured Chloroflexaceae bacterium"
"c1442e06ba8b8142801cea6079095f96",3.56559028438735,-2.69376874846408,0.259214616695911,-10.3920403208751,2.69524801971396e-25,1.96939904806822e-24,"Bacteria","Chloroflexi","Chloroflexia","Chloroflexales","Roseiflexaceae","uncultured","uncultured bacterium"
"c6256bb8971d2cb1ea93b2ad23575688",5.1134105598799,-1.14509945515259,0.246899371274112,-4.63791968867057,3.51933475668717e-06,8.74501363782871e-06,"Bacteria","Chloroflexi","Chloroflexia","Thermomicrobiales","JG30-KF-CM45","uncultured anaerobic ammonium-oxidizing bacterium","uncultured anaerobic ammonium-oxidizing bacterium"
"77d2193e4b377278e469ad635c1345ec",6.84466368292133,-1.13102088875949,0.293915305495951,-3.84811837835737,0.000119028537012879,0.00026300317459732,"Bacteria","Chloroflexi","Chloroflexia","Thermomicrobiales","JG30-KF-CM45","uncultured bacterium","uncultured bacterium"
"bb3f6c6901266248298d3f98797589f0",4.53182155243219,-1.23093507399927,0.284979736463373,-4.31937754338358,1.56469902226847e-05,3.72499315623914e-05,"Bacteria","Chloroflexi","Chloroflexia","Thermomicrobiales","JG30-KF-CM45",NA,NA
"f9f37b83c292c1867a38fbc104c829f4",5.22355796726122,-1.58308116347228,0.275579532746008,-5.7445527528757,9.21642602972758e-09,2.64658459530699e-08,"Bacteria","Chloroflexi","Chloroflexia","Thermomicrobiales","JG30-KF-CM45",NA,NA
"4743c1c4700cfbfa21f05dc7ee7143fb",4.67760914977926,-1.55555918634587,0.296708056200283,-5.24272649103884,1.58220990055788e-07,4.26157265186758e-07,"Bacteria","Chloroflexi","Chloroflexia","Thermomicrobiales","JG30-KF-CM45",NA,NA
"c7536db90f6b5182485598078d6a2e27",2.41749776292128,-1.11414165715308,0.223651820489102,-4.98158993169192,6.30639637992187e-07,1.64456555773228e-06,"Bacteria","Chloroflexi","Chloroflexia","Thermomicrobiales","JG30-KF-CM45","uncultured bacterium","uncultured bacterium"
"40eabb85df184596d4c7d8a73d62444b",12.7481068797014,-2.57395913554278,0.321082898953096,-8.01649400804365,1.08806231818495e-15,4.75142006402658e-15,"Bacteria","Rokubacteria","NC10","Rokubacteriales","metagenome","metagenome","metagenome"
"54275fed0a52eb81bb8d7e50e8ef7c4f",30.5328144416236,6.2746141836298,0.364165491214736,17.2301174466031,1.5783055141706e-66,6.13047089188369e-65,"Bacteria","Bacteroidetes","Bacteroidia","Cytophagales","Microscillaceae","Siphonobacter",NA
"82602f53725970c69e0ac88ce6a1a26c",2.37415195380521,2.12360412444385,0.276487989207145,7.68063788424765,1.58298360139655e-14,6.52649104933326e-14,"Bacteria","Bacteroidetes","Bacteroidia","Cytophagales","Spirosomaceae","Spirosoma","Spirosoma oryzae"
"ce563d75a36fdfe51d73bde7edb1510a",77.5301699086076,7.55076340247892,0.412541396465279,18.303044172476,7.82518306628447e-75,5.24998645719812e-73,"Bacteria","Bacteroidetes","Bacteroidia","Flavobacteriales","Weeksellaceae","Chryseobacterium",NA
"b71075afb53551f10590d37648ffef99",2.30827543929679,1.88843548313495,0.268522353360272,7.03269377578137,2.02583664444013e-12,7.15343274448237e-12,"Bacteria","Bacteroidetes","Bacteroidia","Sphingobacteriales","env.OPS 17","uncultured eubacterium env.OPS 17","uncultured eubacterium env.OPS 17"
"e1a7b8a03cfafc3e2d57f4d7569232a5",27.6748491638551,-5.84103497315092,0.295292671116224,-19.78049421637,4.38373034592608e-87,4.0439912441168e-85,"Bacteria","Bacteroidetes","Bacteroidia","Sphingobacteriales","Sphingobacteriaceae","Mucilaginibacter",NA
"ee5ed45abe3ff2a799b0aa0ddbd8327d",60.1995517334967,6.81026992167431,0.384030663671637,17.7336618294038,2.30519357014716e-70,1.06327053423038e-68,"Bacteria","Bacteroidetes","Bacteroidia","Sphingobacteriales","Sphingobacteriaceae","Pedobacter",NA
"584b8bbec18fe08ca25cdddc383bb182",2.28897937298363,1.83448178972958,0.267570883183809,6.85605910441824,7.07861000201588e-12,2.45258881759987e-11,"Bacteria","Bacteroidetes","Bacteroidia","Sphingobacteriales","Sphingobacteriaceae","Sphingobacterium",NA
"ee0f4339a01c5fdc605ffa403ade1926",4.17244029470235,-2.66205976427729,0.277614497563613,-9.58905168008133,8.88983151742047e-22,5.24855652788505e-21,"Bacteria","Bacteroidetes","Bacteroidia","Chitinophagales","Chitinophagaceae",NA,NA
"59c1f11a1100904fdfe4d48020446be7",1.97489071508519,-1.42390985247319,0.233815538456387,-6.08988547926974,1.12991485054127e-09,3.38974455162381e-09,"Bacteria","Bacteroidetes","Bacteroidia","Chitinophagales","Chitinophagaceae",NA,NA
"183acc20a7b6fc96fd9746fed729cdd4",3.31824092970375,2.72644930384936,0.301216756227561,9.05145297358422,1.41078419897202e-19,7.3841045307897e-19,"Bacteria","Bacteroidetes","Bacteroidia","Chitinophagales","Chitinophagaceae","Terrimonas",NA
"7f44f5eec82e21c0acafd231aff4611b",1.87466435079614,-1.36949767974693,0.230273748932963,-5.94725923425003,2.72669402247996e-09,8.08152686180806e-09,"Bacteria","Bacteroidetes","Bacteroidia","Chitinophagales","Chitinophagaceae","Terrimonas",NA
"666f1b2553cae7b01fba2f30744f57cf",3.1201536885969,-1.45780048947542,0.257386862323944,-5.66384964761975,1.48014111169339e-08,4.20132361703739e-08,"Bacteria","Bacteroidetes","Bacteroidia","Chitinophagales","Chitinophagaceae",NA,NA
"2027507d9559326ecd19f43c90dc4f70",2.47694930916424,-1.6351357380144,0.250986474386632,-6.51483607636782,7.27690819820072e-11,2.38682588900984e-10,"Bacteria","Bacteroidetes","Bacteroidia","Chitinophagales","Chitinophagaceae","Niastella",NA
"bc834a7bba678cec3d8c88e5db6e23ea",9.73994794894048,-4.10565548099321,0.324018388666699,-12.671057028237,8.55537141844197e-37,9.5664607678942e-36,"Bacteria","Bacteroidetes","Bacteroidia","Chitinophagales","Chitinophagaceae","Niastella",NA
"db626ee32b45318a7e9d034be643e2bb",1.64391632677289,-0.800388068775346,0.220678438282966,-3.62694278155551,0.000286796815560994,0.000618877338842146,"Bacteria","Bacteroidetes","Bacteroidia","Chitinophagales","Chitinophagaceae",NA,NA
"49322602d09e08aec5856adf3f889100",9.23276864543567,-2.93128577793596,0.28625755689148,-10.2400293280195,1.31196594442071e-24,9.30991218252387e-24,"Bacteria","Acidobacteria","Subgroup 6","uncultured bacterium 92","uncultured bacterium 92","uncultured bacterium 92","uncultured bacterium 92"
"f903493187958b8ad4980fd82dc9760d",2.7093060025256,2.02897361906563,0.280590278190122,7.23109022933017,4.79131866211867e-13,1.76799658632179e-12,"Bacteria","Deinococcus-Thermus","Deinococci","Deinococcales","Deinococcaceae","Deinococcus",NA
"33d5a7b07c4faf11cd41777db18b8aa6",2.12829449841672,-1.18095917140371,0.224121774403911,-5.26927459210363,1.36963945776566e-07,3.72986686284524e-07,"Bacteria","Planctomycetes","Phycisphaerae","Tepidisphaerales","CPla-3 termite group",NA,NA
"331830da17c1cbc83dfb2857c4ff2326",2.64889298522759,-1.85530626810964,0.229057498222956,-8.09974038179599,5.50765968616144e-16,2.43392386130967e-15,"Bacteria","Planctomycetes","Phycisphaerae","Tepidisphaerales","WD2101 soil group",NA,NA
"18eea9b8b820ac6601ec488d9355aa9e",2.46971882712235,-1.61307934712993,0.237345490471641,-6.79633450766011,1.07314448270326e-11,3.68363082900001e-11,"Bacteria","Planctomycetes","Phycisphaerae","Tepidisphaerales","WD2101 soil group",NA,NA
"c52f73d2fa32f2b0d848b4a44f37d860",4.97086204346616,-2.02008328350093,0.274967413820813,-7.34662793467357,2.03269662658918e-13,7.73262943516913e-13,"Bacteria","Planctomycetes","Phycisphaerae","Tepidisphaerales","WD2101 soil group",NA,NA
"37f141be17eab485cadeb76f39cda18f",5.59506277193757,-2.85188723374614,0.277423206064564,-10.2799159241294,8.68032894124114e-25,6.21949782391841e-24,"Bacteria","Planctomycetes","Phycisphaerae","Tepidisphaerales","WD2101 soil group",NA,NA
"9a4e8e820abcb872958f03963bb5cbb6",7.17752373137201,-2.03115367249387,0.283374791830412,-7.16772885609891,7.62521329580337e-13,2.77212187798172e-12,"Bacteria","Planctomycetes","Phycisphaerae","Tepidisphaerales","WD2101 soil group",NA,NA
"e61828bf4069a3fe1adb48b58fb9e4db",2.89884577078715,-1.47269521289252,0.249255084281199,-5.90838584953834,3.45476075523997e-09,1.01578224596299e-08,"Bacteria","Planctomycetes","Phycisphaerae","Tepidisphaerales","WD2101 soil group",NA,NA
"a219a287d6ae08e2b40965104af8f38c",2.81274167529799,-1.1015057118574,0.256776441328129,-4.28974599912696,1.78877580145096e-05,4.23114276112438e-05,"Bacteria","Planctomycetes","Planctomycetacia","Pirellulales","Pirellulaceae","Pirellula",NA
"d98f02df83b08786a69c1d4d56465e48",1.81485659559671,-0.809003671006489,0.227663217082,-3.55351066973239,0.00038012577713134,0.000808451940988268,"Bacteria","Planctomycetes","Planctomycetacia","Pirellulales","Pirellulaceae","uncultured","uncultured sludge bacterium A40"
"a91cbb4e907d706ed9cc4260828a21da",8.61304471951422,-2.99049356845974,0.312420792632851,-9.57200557382265,1.04851633108254e-21,6.04535197139778e-21,"Bacteria","Planctomycetes","Planctomycetacia","Pirellulales","Pirellulaceae","uncultured",NA
"ce407c9cdca03cc73457430f562ebce6",1.86500279975509,-0.790493441677594,0.22489180402448,-3.51499444413522,0.000439763188378287,0.000922003502906751,"Bacteria","Planctomycetes","Planctomycetacia","Pirellulales","Pirellulaceae","uncultured",NA
"26f75429b923b6266641891a28b48155",9.49341651614117,-1.76316958168782,0.28887091255894,-6.1036591260398,1.03667257296297e-09,3.13550966740439e-09,"Bacteria","Planctomycetes","Planctomycetacia","Pirellulales","Pirellulaceae","uncultured",NA
"e4aaaf91b157c19d1bae0073ff3023a7",7.7347550520202,-3.56138184001671,0.304523174241101,-11.694945216869,1.35274465890411e-31,1.20280187743522e-30,"Bacteria","Planctomycetes","Planctomycetacia","Pirellulales","Pirellulaceae","uncultured",NA
"2f41c5f972c6ed09ddfdbfac4e7389b2",42.8456893459713,-5.42616922775621,0.401974862495635,-13.4987774958568,1.58992486913322e-41,2.05853430424618e-40,"Bacteria","Planctomycetes","Planctomycetacia","Pirellulales","Pirellulaceae","uncultured",NA
"b6fbf0a5c738a9873e054dd10acdc471",2.63350006172,-1.47151140613929,0.236574005052314,-6.22008916750551,4.96872428149014e-10,1.53427553127185e-09,"Bacteria","Planctomycetes","Planctomycetacia","Pirellulales","Pirellulaceae","uncultured",NA
"9fe11a5717148d08bb02bc98cfba737b",2.07954640858814,-0.875495576495572,0.248916108776303,-3.51723149136309,0.000436073293796019,0.000917695928880056,"Bacteria","Planctomycetes","Planctomycetacia","Pirellulales","Pirellulaceae","Pir4 lineage",NA
"ac1f21615d5fdef0b4305ed49b635a0e",4.90651319745738,-1.86377479469767,0.284087422686204,-6.56056778957213,5.36032792012355e-11,1.78194684912215e-10,"Bacteria","Planctomycetes","Planctomycetacia","Pirellulales","Pirellulaceae","Pir4 lineage",NA
"a7a3e265cb8a187ff33be97da5d0182f",3.05470321158923,-1.45892793406474,0.255288707131575,-5.71481578820021,1.09822926816261e-08,3.14144651125584e-08,"Bacteria","Planctomycetes","Planctomycetacia","Pirellulales","Pirellulaceae","Pir4 lineage","Planctomycetaceae bacterium LX124"
"0438e2b82b025da1d117bfec1924fe75",3.45270726584485,-1.15673105804442,0.282922266783433,-4.08851191246058,4.34149255739591e-05,0.000100125672104943,"Bacteria","Planctomycetes","Planctomycetacia","Isosphaerales","Isosphaeraceae",NA,NA
"b361cdf6813f76b3b42015ba5d2bbd5a",5.47463637052375,-2.04979403529616,0.272764183550961,-7.51489439929781,5.695688996232e-14,2.25990240818238e-13,"Bacteria","Planctomycetes","Planctomycetacia","Isosphaerales","Isosphaeraceae","Singulisphaera",NA
"c20bdf0ee48ddc2ce56a81efa914516c",5.82750094390379,-1.63838162022356,0.281014832351177,-5.83023182981357,5.53504238610383e-09,1.6082131027341e-08,"Bacteria","Planctomycetes","Planctomycetacia","Isosphaerales","Isosphaeraceae","Singulisphaera",NA
"cbd50ba2fa25a29bd981dab1ae85d658",3.37500047281082,-1.30588548565946,0.258494313472751,-5.05189250825483,4.3745387855399e-07,1.15713606585249e-06,"Bacteria","Planctomycetes","Planctomycetacia","Isosphaerales","Isosphaeraceae","Singulisphaera",NA
"bfe5052ecca654bc6216e602786ff1ca",4.67479606030939,-2.18985039760798,0.26541346676644,-8.25071321469538,1.57451987686434e-16,7.17281277238198e-16,"Bacteria","Planctomycetes","Planctomycetacia","Gemmatales","Gemmataceae","uncultured","uncultured Planctomycetia bacterium"
"d87af09183df3342d2a5ebe1d95c8cdc",2.91821488824699,-1.501047457086,0.240597062786308,-6.23884364880709,4.40817316591287e-10,1.37267164406907e-09,"Bacteria","Planctomycetes","Planctomycetacia","Gemmatales","Gemmataceae","uncultured",NA
"9231f0745a5781f18943f7621b1bcf48",2.38570646074923,-0.996578094009001,0.233005679261493,-4.27705495062454,1.89382067389313e-05,4.46530241959466e-05,"Bacteria","Planctomycetes","Planctomycetacia","Gemmatales","Gemmataceae","uncultured","uncultured Zavarzinella sp."
"78a4c558b7f9934dfedca8643708a9fb",3.77560423826053,-1.98425274208092,0.272502998119471,-7.28158132488134,3.29929660049988e-13,1.24228616896373e-12,"Bacteria","Planctomycetes","Planctomycetacia","Gemmatales","Gemmataceae","Gemmata","Gemmata sp. Fl1-1"
"ea60a58db230cf7de06721374196557e",2.35708529546654,-1.46263264065488,0.239850844070891,-6.09809253046689,1.07341609623609e-09,3.23339215927441e-09,"Bacteria","Planctomycetes","Planctomycetacia","Gemmatales","Gemmataceae","Gemmata","Gemmata sp. Fl1-1"
"7b745500dbb5a5da33ee97842e0594db",4.66085596111687,-1.75999895790172,0.240977059022289,-7.30359547519803,2.80177899037753e-13,1.0603655871275e-12,"Bacteria","Planctomycetes","Planctomycetacia","Gemmatales","Gemmataceae","Gemmata",NA
"760ce8c3b6416dfb776fae89fc2c21df",2.07484153058372,-0.808468804273224,0.230365683984911,-3.5095018940676,0.000448946861214669,0.000938591454890724,"Bacteria","Planctomycetes","Planctomycetacia","Gemmatales","Gemmataceae","Fimbriiglobus","uncultured bacterium"
"17635b87e4d725ad4140a5c09ed985f4",2.06385345632339,-1.05356517137904,0.239366158656443,-4.401479211985,1.07515370507578e-05,2.58457144738086e-05,"Bacteria","Planctomycetes","Planctomycetacia","Gemmatales","Gemmataceae","Fimbriiglobus","Gemmata sp. Wa1-6"
"f4ffd84e8969e347d69ddb9ef165800e",3.97699472209805,-2.04073162324282,0.275078902926692,-7.41871369098295,1.18263249545585e-13,4.59359358761273e-13,"Bacteria","Planctomycetes","Planctomycetacia","Gemmatales","Gemmataceae","Gemmata","Gemmata sp. Ha1-2"
"5c80b6bff44baa2a0924ef2d3d2b672a",7.41506079634914,-3.227520235711,0.289638020370512,-11.1432892393833,7.72138775228689e-29,6.26196061668981e-28,"Bacteria","Planctomycetes","Planctomycetacia","Gemmatales","Gemmataceae","Gemmata",NA
"cd35f8f711b3e70009855d6abd80ee3c",2.58283675079336,-1.04402277914884,0.250818502140595,-4.16246317651486,3.14832924703393e-05,7.35274362123748e-05,"Bacteria","Planctomycetes","Planctomycetacia","Gemmatales","Gemmataceae","Gemmata",NA
"9fef9cc2759f9f073d36c86694cdbd1a",3.53983999541404,-1.38856003233535,0.256763229847609,-5.40793957592552,6.37539243725387e-08,1.77548664856353e-07,"Bacteria","Planctomycetes","Planctomycetacia","Gemmatales","Gemmataceae","Gemmata",NA
"4321f73554b2ab9d93f70ee59cc93fcf",18.7949329483844,-4.15094939613161,0.295814150252501,-14.0322881531815,9.8908074628393e-45,1.45988318151508e-43,"Bacteria","Planctomycetes","Planctomycetacia","Gemmatales","Gemmataceae","Gemmata",NA
"106a8da07ec9c50d25986886beaa33dd",4.39394275293754,-2.03879307292457,0.284504624464751,-7.1661157591383,7.71555403787592e-13,2.79121513723158e-12,"Bacteria","Planctomycetes","Planctomycetacia","Gemmatales","Gemmataceae","Gemmata","Gemmata-like str. CJuql4"
"9dd0da6df4c89fcd843bdda45968962a",2.64790249249645,-0.957269652595578,0.243770383642371,-3.92693172276401,8.60363915800994e-05,0.000192408657533677,"Bacteria","Planctomycetes","Planctomycetacia","Gemmatales","Gemmataceae","uncultured",NA
"0647e26c39a2525f40783148f7037061",2.74221412964312,-1.24660633924935,0.24577356977818,-5.07217411690956,3.9329627772254e-07,1.04784351248821e-06,"Bacteria","Planctomycetes","Planctomycetacia","Planctomycetales","uncultured",NA,NA
"8ce52db0ce78d90df20fb38e476e6390",4.18021482353715,-2.73256793748594,0.253657619038092,-10.7726625671575,4.63402730138935e-27,3.56240848794306e-26,"Bacteria","Planctomycetes","Planctomycetacia","Planctomycetales","uncultured",NA,NA
"dc37ca494839df86e7e3760e6efde085",5.81084027050646,-2.44120146627999,0.28741126262692,-8.49375714774559,2.00062121963059e-17,9.77787059660512e-17,"Bacteria","Planctomycetes","Planctomycetacia","Planctomycetales","uncultured",NA,NA
"69d970c0b83b8a78d6b77799cacb45a5",1.83547954171112,-0.87642034794222,0.229236269016762,-3.8232185146851,0.000131720947813577,0.00029016015578736,"Bacteria","Planctomycetes","Planctomycetacia","Planctomycetales","uncultured",NA,NA
"ae05d41ead65f720b381bf91dc020e3d",3.13502107158856,-1.24624206278316,0.258576725602315,-4.81962195120316,1.43830511642365e-06,3.68565686083561e-06,"Bacteria","Planctomycetes","Planctomycetacia","Planctomycetales","Rubinisphaeraceae","SH-PL14","uncultured Planctomycetaceae bacterium"
"7da11554b94a1296c265a1c5e7e1d1a6",16.7298649221662,-4.7356354785823,0.359712697020648,-13.1650495459449,1.39446129030627e-39,1.65985876168714e-38,"Bacteria","Planctomycetes","BD7-11","uncultured bacterium","uncultured bacterium","uncultured bacterium","uncultured bacterium"
"626e8cadaf434c0bfa78c13d1dbde018",2.41035633563059,-1.23860982027429,0.260616666665163,-4.75261170409197,2.00805762816627e-06,5.07515934789967e-06,"Bacteria","Planctomycetes","BD7-11","uncultured bacterium","uncultured bacterium","uncultured bacterium","uncultured bacterium"
"12ec806aa3bb20d945a932be88bf95a2",6.15703405347252,-3.44937628217333,0.297990439973296,-11.575459543207,5.48764178093941e-31,4.65503406245205e-30,"Bacteria","Actinobacteria","Actinobacteria","Catenulisporales","Catenulisporaceae","Catenulispora","Catenulispora yoronensis"
"221d65a2bd3e719f01f2978baf4332a3",2.38538370406786,-1.2314368751696,0.239489958958246,-5.14191442733636,2.71952986268125e-07,7.27178637195204e-07,"Bacteria","Actinobacteria","Actinobacteria","Frankiales","uncultured",NA,NA
"6e2f5946722ea3e9dcd0bda08a45f063",33.3815122802486,6.42780834627627,0.364106840776646,17.6536324683317,9.54168931583979e-70,4.14221571475868e-68,"Bacteria","Actinobacteria","Actinobacteria","Kineosporiales","Kineosporiaceae","Quadrisphaera",NA
"a9e6a651d64edc9837b46744b9fee135",6.46401123722382,-1.33567325757089,0.287359320661752,-4.64809442928457,3.35015550005276e-06,8.35275256432073e-06,"Bacteria","Actinobacteria","Actinobacteria","Frankiales","Geodermatophilaceae","Blastococcus",NA
"d2389f15770d02be5daca21c30a430c3",6.68983142764313,-2.10556303216536,0.275693468659109,-7.63733374753558,2.21766114410304e-14,9.0421763776135e-14,"Bacteria","Actinobacteria","Actinobacteria","Frankiales","Geodermatophilaceae",NA,NA
"41d4e7238c42c3c3056445ba988fae71",3.95996888791815,-2.36993283717088,0.239497148674691,-9.89545324562487,4.35632578314314e-23,2.82014774382424e-22,"Bacteria","Actinobacteria","Actinobacteria","Frankiales","Frankiaceae","Jatrophihabitans",NA
"b89019bccfeb1087832e012447188fed",2.513167197415,-1.28201205621004,0.238106513040839,-5.38419566872644,7.27693102701306e-08,2.0113764411744e-07,"Bacteria","Actinobacteria","Actinobacteria","Frankiales","Frankiaceae","Jatrophihabitans",NA
"b3f1f3d13b09b371c10a8314c7d5d95a",4.77388672343621,-1.96638300262269,0.249392364693867,-7.88469608937891,3.15301928351431e-15,1.34504522036622e-14,"Bacteria","Actinobacteria","Actinobacteria","Frankiales","Frankiaceae","Jatrophihabitans",NA
"b7f0a6d9900ec553d9c26ec5419b0f5a",4.21215769765866,-1.91498145323234,0.272095535218483,-7.03790105080069,1.95157189548783e-12,6.92432720610585e-12,"Bacteria","Actinobacteria","Actinobacteria","Propionibacteriales","Nocardioidaceae","Nocardioides",NA
"945c3fc8eecdf723f6a219e2207ce722",47.439809056161,-5.44185478282477,0.238246322747173,-22.8412960169784,1.78356599306548e-115,3.29067925720582e-113,"Bacteria","Actinobacteria","Actinobacteria","Propionibacteriales","Nocardioidaceae","Nocardioides",NA
"6457007654d4861a9a66b491f93a6cd6",3.25638456278464,-1.0083159610503,0.255355545101111,-3.94867462404643,7.858508006448e-05,0.00017681643014508,"Bacteria","Actinobacteria","Actinobacteria","Propionibacteriales","Nocardioidaceae","Nocardioides",NA
"d2c46470bb319c3683bc8bcadff3dbfd",3.55041747557387,-1.23071675002525,0.261270897224108,-4.71050072205165,2.47108924376965e-06,6.22410874369285e-06,"Bacteria","Actinobacteria","Actinobacteria","Propionibacteriales","Nocardioidaceae","Nocardioides",NA
"7ca560584d927b8f132a9621f78e2bbf",2.39228745232806,-0.904206289983459,0.245035047227409,-3.69011004839766,0.000224157059708555,0.00048655267666151,"Bacteria","Actinobacteria","Actinobacteria","Propionibacteriales","Nocardioidaceae",NA,NA
"a841abdd7104f0e7f803ee07eb0b816a",2.28998637867833,-0.862393335177865,0.244649352918627,-3.52501784652055,0.000423454262235148,0.00089544196426802,"Bacteria","Actinobacteria","Actinobacteria","Propionibacteriales","Nocardioidaceae",NA,NA
"72d8ab53c8d6df81dc13ba61a18d3e19",18.3092454352194,-4.38156153254597,0.239769076819464,-18.2740893474145,1.33093031304032e-74,8.185221425198e-73,"Bacteria","Actinobacteria","Actinobacteria","Propionibacteriales","Nocardioidaceae","Kribbella",NA
"8b454530cda879153d095446bbc2b7b4",17.5083146985714,-3.4617881442721,0.34175909457037,-10.1293226698882,4.09475977815166e-24,2.79808584840363e-23,"Bacteria","Actinobacteria","Actinobacteria","Frankiales","Acidothermaceae","Acidothermus",NA
"da38b30e32a9211555abbb4794cbe945",68.9490140492178,-6.11073696521243,0.38334909395234,-15.9403975687292,3.32233378084233e-57,7.21141861841658e-56,"Bacteria","Actinobacteria","Actinobacteria","Streptosporangiales","Thermomonosporaceae","Actinomadura",NA
"b502de99ec1413636c500e1f29a8f1be",84.3815426543693,-5.48606888351759,0.35306297859235,-15.5384994070756,1.90389403920973e-54,3.90298278037994e-53,"Bacteria","Actinobacteria","Actinobacteria","Streptosporangiales","Thermomonosporaceae","Actinomadura",NA
"41154dcfcbfdfdf21b64fd50c0760c80",2.58330371257615,1.09578887391983,0.273584835902575,4.00529828455131,6.19392707934772e-05,0.00014021834921959,"Bacteria","Actinobacteria","Actinobacteria","Streptosporangiales","Streptosporangiaceae","Streptosporangium",NA
"1f9a96b7ec3843f95917d68670162152",4.26558198131237,-2.57410512826577,0.280804402520566,-9.16689733195065,4.86829077209384e-20,2.60347723898932e-19,"Bacteria","Actinobacteria","Actinobacteria","Streptosporangiales","Streptosporangiaceae","Sphaerisporangium",NA
"12a320c95280c8056da4fd54b0554632",7.91872933393152,-1.02621666190199,0.287799746833556,-3.56573163525221,0.000362842521673676,0.000776167481145429,"Bacteria","Actinobacteria","Actinobacteria","Streptosporangiales","Streptosporangiaceae","Nonomuraea",NA
"fab7d723d9337f891eca9f0677971c05",113.045584285671,-4.97420955755272,0.319627842320333,-15.5625039465978,1.30876966791456e-54,2.75963432834556e-53,"Bacteria","Actinobacteria","Actinobacteria","Streptomycetales","Streptomycetaceae","Streptomyces",NA
"86d2d83aa6ee49112f44b6d828fb6c36",56.1382340571541,-6.49135634305243,0.234187164996414,-27.7186682846254,4.15952202594215e-169,1.53486362757265e-166,"Bacteria","Actinobacteria","Actinobacteria","Streptomycetales","Streptomycetaceae","Streptomyces",NA
"04ef77d248966c062009ee7ae267baf9",17.1543601443854,-4.84268931618058,0.346319500296877,-13.9832995601728,1.97132376057639e-44,2.85262144177524e-43,"Bacteria","Actinobacteria","Actinobacteria","Streptomycetales","Streptomycetaceae","Streptomyces",NA
"78e53423a5871630b669ad22165b2945",12.7207542295107,-4.26566544810972,0.339829463933499,-12.5523708236919,3.8578373947696e-36,4.1868882313823e-35,"Bacteria","Actinobacteria","Actinobacteria","Streptomycetales","Streptomycetaceae",NA,NA
"1f76a3cb0467b78b337d2b1046ab286a",2.94795993481146,-2.43798565672304,0.267057749667656,-9.12905789012688,6.90979679626477e-20,3.64245002545957e-19,"Bacteria","Actinobacteria","Actinobacteria","Streptomycetales","Streptomycetaceae",NA,NA
"62b4bf11ed42da1b25498ec4b3b3ca8d",32.3568745776217,-3.93959334116362,0.294352536184456,-13.3839286463456,7.50720419261228e-41,9.39036727821672e-40,"Bacteria","Actinobacteria","Actinobacteria","Streptomycetales","Streptomycetaceae","Streptomyces",NA
"8b92be7eb06634675c336b911493945d",63.1699898032731,-6.58603919819481,0.374709726316975,-17.576376420567,3.73709686363187e-69,1.53220971408906e-67,"Bacteria","Actinobacteria","Actinobacteria","Streptomycetales","Streptomycetaceae","Streptomyces",NA
"f9448a7b1b916f2a43cb59ead0b4a6b2",62.8367251501053,-6.50745883767279,0.352783239296749,-18.4460544402421,5.60940887402592e-76,4.13974374903113e-74,"Bacteria","Actinobacteria","Actinobacteria","Streptomycetales","Streptomycetaceae","Streptomyces",NA
"f799c432faf87fbc38c4dae2c9ae635f",11.2514104598844,-2.74281422652483,0.281908644467454,-9.72944349296634,2.25825007883649e-22,1.400494586707e-21,"Bacteria","Actinobacteria","Actinobacteria","Corynebacteriales","Mycobacteriaceae","Mycobacterium",NA
"b46a90515acc7525942d42e2bfe8f973",5.55927145934275,-1.72243951495531,0.291958225411261,-5.89960948190114,3.6436293554514e-09,1.06706288266791e-08,"Bacteria","Actinobacteria","Actinobacteria","Corynebacteriales","Mycobacteriaceae","Mycobacterium",NA
"16a1b9dc9f773a7a2677ebd993ea1aea",4.31030455135504,-1.46054969900202,0.234669491938508,-6.22385844421879,4.8507477154602e-10,1.5041394176511e-09,"Bacteria","Actinobacteria","Actinobacteria","Corynebacteriales","Mycobacteriaceae","Mycobacterium",NA
"5b5ab14bfc667773161540e913854978",13.3758017401335,-2.88082399231098,0.309287323576844,-9.31439400423802,1.22650672664971e-20,6.80572905464276e-20,"Bacteria","Actinobacteria","Actinobacteria","Corynebacteriales","Mycobacteriaceae","Mycobacterium",NA
"89debdc4559a3e0702bb600e19e9b1b5",13.9180815212325,-3.12444694759929,0.326162097411458,-9.57942989818881,9.75820757674376e-22,5.67051747372984e-21,"Bacteria","Actinobacteria","Actinobacteria","Corynebacteriales","Mycobacteriaceae","Mycobacterium",NA
"72ea70653009fc9bef5ba39799c686b5",77.9794292216423,-6.53740732633511,0.395012630013478,-16.5498691171269,1.60451090313224e-61,4.55434248658305e-60,"Bacteria","Actinobacteria","Actinobacteria","Corynebacteriales","Nocardiaceae","Nocardia",NA
"5c72785c5ab1519f7b96f6491890ff53",3.14148387970778,0.944123778278465,0.269263451600954,3.5063198241908,0.000454348926215224,0.000947201998719875,"Bacteria","Actinobacteria","Actinobacteria","Corynebacteriales","Nocardiaceae","Rhodococcus",NA
"0affde2912c45621f0dcf61effb98b2d",6.49692914455337,3.12660559103094,0.310018446318987,10.0852243734358,6.4218299422834e-24,4.34799128202307e-23,"Bacteria","Actinobacteria","Actinobacteria","Corynebacteriales","Corynebacteriaceae","Corynebacterium 1",NA
"c1c2de9a1df30cf6fe7a262f159b761e",2.07027133567124,1.61952759538956,0.255294819274292,6.34375425241013,2.24232418018498e-10,7.07194549135263e-10,"Bacteria","Actinobacteria","Actinobacteria","Corynebacteriales","Corynebacteriaceae","Corynebacterium 1",NA
"6c3f9487edaa120a93ccc638075eb3a7",10.7388080928374,-3.3563554047522,0.265069006616108,-12.6621948284324,9.57834364378154e-37,1.05504740434489e-35,"Bacteria","Actinobacteria","Actinobacteria","Pseudonocardiales","Pseudonocardiaceae",NA,NA
"a979b46fa9e8e010d9947e514c1ddf2f",2.54336249533993,-1.93667314496283,0.243713650553049,-7.9465107537802,1.91838234299732e-15,8.27933432240947e-15,"Bacteria","Actinobacteria","Actinobacteria","Pseudonocardiales","Pseudonocardiaceae",NA,NA
"c493f6987a4f0704bdfe198167872cf3",21.772528908052,-2.5461947772626,0.336374260298704,-7.56952917563179,3.74579331817728e-14,1.49426782098099e-13,"Bacteria","Actinobacteria","Actinobacteria","Pseudonocardiales","Pseudonocardiaceae","Pseudonocardia",NA
"0cbc58cb660d1cd9dab0af3d8f6b37f5",15.5278184440245,-5.23462013964253,0.314323396694245,-16.653612790824,2.84873214647988e-62,8.4094572964086e-61,"Bacteria","Actinobacteria","Actinobacteria","Micromonosporales","Micromonosporaceae","Micromonospora",NA
"24fe8d3a3120807600557bfc4575f770",7.80383658469785,-2.94686850623171,0.306909214668235,-9.60175962594425,7.85910823250284e-22,4.67743699644121e-21,"Bacteria","Actinobacteria","Actinobacteria","Micromonosporales","Micromonosporaceae",NA,NA
"d424bffd059a5fa8e59b140b8df62ed4",7.14571127911005,-3.40449392834732,0.287566568410512,-11.8389767877582,2.45428895146843e-32,2.23612993356012e-31,"Bacteria","Actinobacteria","Actinobacteria","Micromonosporales","Micromonosporaceae","Dactylosporangium",NA
"f18217d8a37ac48238340067668631a3",2.31365178082655,-1.55344531451092,0.2458453330606,-6.31879114877483,2.636172575447e-10,8.2787036624676e-10,"Bacteria","Actinobacteria","Actinobacteria","Micromonosporales","Micromonosporaceae","Hamadaea","Hamadaea tsunoensis"
"536c26760167de37042fea112773d33b",5.92303353660035,-2.08202658531601,0.270790125084936,-7.6887094190121,1.48626588306021e-14,6.1621585488676e-14,"Bacteria","Actinobacteria","Actinobacteria","Micromonosporales","Micromonosporaceae","Hamadaea",NA
"b8540bfaf600167819612d1d3f324ce6",8.32858944901048,-3.93546308372191,0.277542238526012,-14.1796906468097,1.22384865992603e-45,1.88166731463627e-44,"Bacteria","Actinobacteria","Actinobacteria","Pseudonocardiales","Pseudonocardiaceae","Amycolatopsis",NA
"cdfa242be20bae137c356d7ff36c1391",2.75510314880868,-1.52375913519605,0.238077562462539,-6.40026350839258,1.55109024091134e-10,4.91289526949601e-10,"Bacteria","Actinobacteria","Actinobacteria","Micrococcales","Microbacteriaceae","Leifsonia",NA
"518f9d876b9fc00e965940834ec0396e",12.3233505306524,-3.98506382127859,0.322705053247045,-12.3489352930208,4.93603440824585e-35,4.99012793600745e-34,"Bacteria","Actinobacteria","Actinobacteria","Micrococcales","Microbacteriaceae",NA,NA
"3f60c76f601f7227c9027491c1afbeb9",12.9030466648303,4.96007815738077,0.343202286767921,14.4523458864214,2.42290878668503e-47,3.97357041016346e-46,"Bacteria","Actinobacteria","Actinobacteria","Micrococcales","Microbacteriaceae",NA,NA
"961692b0e294200e86b99c0f57762291",6.62336383660829,1.35608837337504,0.301584700406912,4.49654233634977,6.90674322203742e-06,1.68223646794179e-05,"Bacteria","Actinobacteria","Actinobacteria","Micrococcales","Microbacteriaceae","Curtobacterium",NA
"8bdd148e3d8e635abe4064109d57f6b2",4.87621319584366,-2.16052628477992,0.297291994997804,-7.26735438939713,3.66596151711298e-13,1.36640383819666e-12,"Bacteria","Actinobacteria","Actinobacteria","Micrococcales","Micrococcaceae","Paenarthrobacter",NA
"dc19b624b1283fc99bbd46965fe671e7",15.0744705120398,-2.17640882954196,0.335375780207752,-6.48946333630221,8.61426659142537e-11,2.77612608928905e-10,"Bacteria","Actinobacteria","Actinobacteria","Micrococcales","Micrococcaceae",NA,NA
"e7f72ece319ebdd962ba862e893aef91",53.2715675196944,2.52188310973946,0.30916141885175,8.15717277759279,3.42957626899841e-16,1.54330932104929e-15,"Bacteria","Actinobacteria","Actinobacteria","Micrococcales","Micrococcaceae","Micrococcus",NA
"a89beb9e0ba695bd5d0c6656ec39125b",16.7424731151801,4.84071145896916,0.346300372827739,13.9783605181883,2.11299617872023e-44,2.99882919210678e-43,"Bacteria","Actinobacteria","Actinobacteria","Frankiales","Nakamurellaceae","Nakamurella",NA
"a39147489bc089fa2873385b13eb00ac",5.51417573267621,-1.88435507812327,0.292493109098634,-6.44239135728777,1.17605546884279e-10,3.75726812123799e-10,"Bacteria","Actinobacteria","Thermoleophilia","Gaiellales","uncultured","bacterium Ellin6517","bacterium Ellin6517"
"e312853bceb278d95511ce7d6df807a9",3.06073481457467,-1.25224548850669,0.270488244704353,-4.62957453058784,3.6641782741781e-06,9.04402530549645e-06,"Bacteria","Actinobacteria","Thermoleophilia","Solirubrobacterales","67-14","metagenome","metagenome"
"f8fce7466441b70fb3bf82d53dfb48d2",8.02724935618043,-2.89820158691625,0.299172516056012,-9.68739249555143,3.41126397998628e-22,2.09792734769156e-21,"Bacteria","Actinobacteria","Thermoleophilia","Solirubrobacterales","67-14",NA,NA
"fba4efff2147dd26f83bd981065e65db",13.9127715604144,-3.41765362487006,0.310989954794523,-10.9895949119262,4.28846493213066e-28,3.44009469555699e-27,"Bacteria","Actinobacteria","Thermoleophilia","Solirubrobacterales","67-14","metagenome","metagenome"
"e8ff825c2a271dafd8b1f166107f3a54",2.65671678137627,-1.26071318094131,0.258631995024495,-4.87454454667107,1.09059774655915e-06,2.81419977958271e-06,"Bacteria","Actinobacteria","Thermoleophilia","Solirubrobacterales","67-14",NA,NA
"7357332784b8b4fecadb5acbd4d19216",4.85918104845965,-1.87910677870068,0.318657217231572,-5.89695345683982,3.70274247789032e-09,1.08008851726603e-08,"Bacteria","Actinobacteria","Thermoleophilia","Solirubrobacterales","67-14",NA,NA
"1b8a8d7e04391cf4b147605b832ccf58",4.32958504904069,-2.08369302159007,0.215332082302459,-9.67664919834509,3.78932093477824e-22,2.31117260319532e-21,"Bacteria","Actinobacteria","Thermoleophilia","Solirubrobacterales","Solirubrobacteraceae","Conexibacter",NA
"a1e03d8524f7a345477fe05349c37164",12.4477975491981,-1.64154154234706,0.303745624903686,-5.40432983312129,6.5051146084392e-08,1.80480247407073e-07,"Bacteria","Actinobacteria","Thermoleophilia","Solirubrobacterales","Solirubrobacteraceae","Solirubrobacter",NA
"a939e495136bf23c45468de989f13239",3.08791959090558,-1.25474480787684,0.251253499237683,-4.99393963341329,5.9159896165034e-07,1.54822706985089e-06,"Bacteria","Actinobacteria","Thermoleophilia","Solirubrobacterales","Solirubrobacteraceae","Solirubrobacter",NA
"6c7188f030b80a7cd147ec3fec22feae",2.75399183456059,-0.970771606947476,0.256782349379764,-3.78052311341606,0.000156499188990368,0.000342719292210362,"Bacteria","Actinobacteria","Thermoleophilia","Solirubrobacterales","Solirubrobacteraceae","JCM 18997","uncultured bacterium"
"4ddb41575be277d8433008d72bfef998",24.2755545153542,-3.44066588685483,0.357548226553874,-9.62294211333865,6.39746151971517e-22,3.8699398373359e-21,"Bacteria","Actinobacteria","Thermoleophilia","Gaiellales","uncultured",NA,NA
"705aa396baafa0b2c3ebbce8091ef350",26.0701433084449,-5.00118493852332,0.343421183940641,-14.5628318006957,4.84101598144031e-48,8.50635665310226e-47,"Bacteria","Actinobacteria","Thermoleophilia","Gaiellales","uncultured",NA,NA
"c8094389938458bdb444aa408e10a727",8.07315588371513,-2.19630688407244,0.297631461243617,-7.37928334220932,1.59143825048507e-13,6.11709077530198e-13,"Bacteria","Actinobacteria","Thermoleophilia","Gaiellales","uncultured","uncultured bacterium 5G12","uncultured bacterium 5G12"
"db7caedc8be7806e5be9db41b973bdf7",3.72136375013755,-1.42286803199091,0.262098375818808,-5.42875562485193,5.67483228067429e-08,1.58637356937031e-07,"Bacteria","Actinobacteria","Thermoleophilia","Gaiellales","uncultured",NA,NA
"6f4dfb13ecab62712346f6f6cf115fc2",4.12435133698614,-1.90083060604582,0.249558356120576,-7.61677803778857,2.60086006613433e-14,1.04887143650663e-13,"Bacteria","Actinobacteria","Thermoleophilia","Gaiellales","uncultured",NA,NA
"3e820ff0a8136c7efc3bb36b1c9da82f",6.40770965050037,-2.17277364365972,0.298705134359259,-7.27397487934197,3.49060926246911e-13,1.30764956127015e-12,"Bacteria","Actinobacteria","Thermoleophilia","Gaiellales","uncultured",NA,NA
"967be96af4b52f3a926f4af22fcd93f9",11.2164110820047,-2.24490549543123,0.304876885940343,-7.36331810956146,1.79394180425734e-13,6.85973601835192e-13,"Bacteria","Actinobacteria","Thermoleophilia","Gaiellales","Gaiellaceae","Gaiella","actinobacterium WWH12"
"a0d87270682b6fb815ba8967cfdf067c",6.98160583634843,-2.44438343321056,0.296196333235822,-8.25257830340666,1.55013264743836e-16,7.10557698018331e-16,"Bacteria","Actinobacteria","Thermoleophilia","Gaiellales","Gaiellaceae","Gaiella",NA
"be03372c43fdf43fb25d4911168e5e67",3.16325062696054,-0.937410209942571,0.240258471565661,-3.90167390907748,9.5529792079579e-05,0.000212352369140751,"Bacteria","Actinobacteria","Acidimicrobiia","IMCC26256","uncultured Ferrimicrobium sp.","uncultured Ferrimicrobium sp.","uncultured Ferrimicrobium sp."
"a30b38d94f20f5995d4a8124a29066ee",8.8449333019605,-2.1049160870933,0.301004088902649,-6.99298170588664,2.69104612977699e-12,9.45710497035913e-12,"Bacteria","Nitrospirae","Nitrospira","Nitrospirales","Nitrospiraceae","Nitrospira","Nitrospira japonica"
"95d4e4fbde1a11edb57dc9c957b91864",46.4917228971598,-1.25025062926819,0.355488508420396,-3.51699309444249,0.000436465136906368,0.000917695928880056,"Bacteria","Firmicutes","Bacilli","Bacillales","Paenibacillaceae","Cohnella",NA
"f4bed809621968692b2e275e5c17121b",40.9500883280971,-1.34973006100811,0.350032849532559,-3.85600969397748,0.000115252919196265,0.000255425388489019,"Bacteria","Firmicutes","Bacilli","Bacillales","Paenibacillaceae","Cohnella",NA
"6a3d49e7f9d10fec1e1d02ac88465978",10.2039984729256,3.81358047441838,0.331173037779102,11.5153712391348,1.10383134395813e-30,9.15311833529325e-30,"Bacteria","Firmicutes","Bacilli","Bacillales","Bacillaceae","Anoxybacillus",NA
"2ee267c2a3d203aec729b4e852ea6f4b",22.9780680677663,-3.00270438414433,0.349132147335961,-8.60048095558185,7.93827210437134e-18,3.98533660750071e-17,"Bacteria","Firmicutes","Bacilli","Bacillales","Bacillaceae","Bacillus",NA
"4a93a83d1cfff363ca16a6fe13780c61",25.9648168368115,4.349844963282,0.311258136080461,13.9750401967246,2.2138858116378e-44,3.08273156412962e-43,"Bacteria","Firmicutes","Bacilli","Bacillales","Staphylococcaceae","Staphylococcus",NA
"9eb53b9908cc7190b6fc46e92eaeb444",179.729903076212,-4.47922605637439,0.383977577907758,-11.6653323373232,1.9165325649738e-31,1.64465236389612e-30,"Bacteria","Firmicutes","Bacilli","Bacillales","Paenibacillaceae",NA,NA
"a8c1aadd32f4aa24a5b6fabef0056241",6.78274446734377,-3.15565911753426,0.314889057330228,-10.0214950125271,1.22633701504615e-23,8.08068497414338e-23,"Bacteria","Verrucomicrobia","Verrucomicrobiae","Pedosphaerales","Pedosphaeraceae",NA,NA
"ec6eda962a3205ec979607791c1dee11",20.5043729345534,-5.32696544113295,0.354398786094958,-15.0309923457402,4.6006174360091e-51,8.93488333624925e-50,"Bacteria","Verrucomicrobia","Verrucomicrobiae","Chthoniobacterales","Chthoniobacteraceae","LD29",NA
"0dfe159403586149baa491a7daf1bddf",50.4193295257274,-3.20206603087682,0.393695389270244,-8.13335923697808,4.1755488292237e-16,1.85635845540186e-15,"Bacteria","Verrucomicrobia","Verrucomicrobiae","Chthoniobacterales","Chthoniobacteraceae","Candidatus Udaeobacter",NA
"f688118e3aa27af6be38c05d0692bf8e",39.6570468922157,-4.01406045965387,0.374196658164658,-10.7271413896154,7.59081362168299e-27,5.7752788173217e-26,"Bacteria","Verrucomicrobia","Verrucomicrobiae","Chthoniobacterales","Chthoniobacteraceae","Candidatus Udaeobacter",NA
"7219f2aefec6d78c6d3d53fdb7de9a00",27.0451945768247,-5.58349796762197,0.397236771543575,-14.0558436871937,7.09315083217278e-45,1.06831537023337e-43,"Bacteria","Verrucomicrobia","Verrucomicrobiae","Chthoniobacterales","Chthoniobacteraceae","Chthoniobacter",NA
"74eeb8dbce68609b15f4e76360573315",16.1124869557202,-4.25416248352894,0.293523082811024,-14.4934512229413,1.33274638275553e-47,2.23537916016722e-46,"Bacteria","Verrucomicrobia","Verrucomicrobiae","Chthoniobacterales","Chthoniobacteraceae","Chthoniobacter",NA
"e4fa70e57c736b3701c5125841f7a888",3.17562076975127,-1.17432288902594,0.285800360857508,-4.1088922543783,3.97561492304763e-05,9.22642708556337e-05,"Bacteria","Verrucomicrobia","Verrucomicrobiae","Chthoniobacterales","Chthoniobacteraceae","Chthoniobacter",NA
"ac2e4421594a9fbb3b433d02e48fa2a7",2.70829012473644,-1.32311315121974,0.24905872021336,-5.31245462951978,1.08158360261981e-07,2.95632851382748e-07,"Bacteria","Verrucomicrobia","Verrucomicrobiae","Verrucomicrobiales","Verrucomicrobiaceae","uncultured","uncultured Verrucomicrobia bacterium"
"1d8d9afca5e6a642a5220aa6c9e27735",12.7789337447324,-3.66373338339,0.321671097338767,-11.3896878323872,4.70672901975474e-30,3.85951779619888e-29,"Bacteria","Gemmatimonadetes","Gemmatimonadetes","Gemmatimonadales","Gemmatimonadaceae","Gemmatimonas","bacterium Ellin5301"
"d550eb7d9afc20ee8c8c7cd129f2dc8c",5.61093030693949,-2.69369105731352,0.324693859446123,-8.29609485657825,1.07589637300088e-16,4.99378316524937e-16,"Bacteria","Gemmatimonadetes","Gemmatimonadetes","Gemmatimonadales","Gemmatimonadaceae","uncultured","Gemmatimonadetes bacterium LP81"
"d049229b1141f9ef983f1e2d507ec5a3",19.346012950989,-4.70927068500147,0.338388859005377,-13.916742704956,5.01231605976547e-44,6.85016528167948e-43,"Bacteria","Proteobacteria","Deltaproteobacteria","Myxococcales","Haliangiaceae","Haliangium",NA
"ca1006aacc97121afc1885cc50d7a96c",3.63833132680326,-1.30180917207676,0.259834492683901,-5.01014764679632,5.43882922311248e-07,1.42841849347225e-06,"Bacteria","Proteobacteria","Deltaproteobacteria","Myxococcales","Haliangiaceae","Haliangium","uncultured Myxococcales bacterium"
"e8cb418e45fe805f9d344b5e5f70df90",5.70816177733122,-1.97019788408987,0.318342149866632,-6.18893189266728,6.05732457702966e-10,1.84723369332557e-09,"Bacteria","Proteobacteria","Deltaproteobacteria","Myxococcales","Haliangiaceae","Haliangium","uncultured Myxococcales bacterium"
"6d17328c02b0d6963290443d8d9f8e44",2.73060617388941,-1.55908028603219,0.263863527324535,-5.9086615791148,3.44898416455755e-09,1.01578224596299e-08,"Bacteria","Proteobacteria","Deltaproteobacteria","Myxococcales","Haliangiaceae","Haliangium",NA
"10723a89b27973d72fccbd46fb8c9e27",3.2982057648286,-1.69001039620336,0.263489262820681,-6.41396305151723,1.41784585332465e-10,4.51021655066205e-10,"Bacteria","Proteobacteria","Deltaproteobacteria","Myxococcales","Haliangiaceae","Haliangium",NA
"8fa3fb97a152d654bd3b03d9a8a17dae",15.4894108243583,-3.38032883851051,0.318663112881593,-10.6078447798461,2.73996271695078e-26,2.06335967868334e-25,"Bacteria","Proteobacteria","Deltaproteobacteria","Myxococcales","Haliangiaceae","Haliangium","metagenome"
"2f03094140d01c1ff0babca0d703886d",5.1214208277173,-3.48573226211075,0.297536356897271,-11.7153153935882,1.06394562121885e-31,9.57551059096961e-31,"Bacteria","Proteobacteria","Deltaproteobacteria","Myxococcales","Haliangiaceae","Haliangium",NA
"81567b17d7db8def839e25ee1bb1b89f",4.91216981262617,-3.40106284556659,0.286129586615933,-11.8864423836455,1.39210947395139e-32,1.30047695161535e-31,"Bacteria","Proteobacteria","Deltaproteobacteria","Myxococcales","BIrii41",NA,NA
"a45e13b4332ebc0c0613b2131b08574d",2.54946416093581,-1.45266444459037,0.26341003972864,-5.51484083935022,3.49095738474266e-08,9.83330744251941e-08,"Bacteria","Proteobacteria","Deltaproteobacteria","Myxococcales","BIrii41",NA,NA
"80acb4e947fac0e7173fea5631498b7c",1.89745491411801,-1.16152915020616,0.244196233628827,-4.75653998812961,1.96939242478738e-06,4.9945416133783e-06,"Bacteria","Proteobacteria","Deltaproteobacteria","Myxococcales","BIrii41",NA,NA
"4780effdd245ac7dd666a183f11ef429",8.04104845135933,-3.56289736650809,0.330471140929225,-10.7812662748398,4.22035528025386e-27,3.27854968087089e-26,"Bacteria","Proteobacteria","Deltaproteobacteria","Myxococcales","BIrii41",NA,NA
"a735d34a120d263fbb0dd2c59b9a0a36",2.24421366654474,-1.72688548103186,0.250812087239386,-6.88517646832406,5.77159431315239e-12,2.00916820901248e-11,"Bacteria","Proteobacteria","Deltaproteobacteria","Myxococcales","BIrii41",NA,NA
"9732833c1292eef1734298992629119b",7.64827552528586,-2.53419584381503,0.284086096594776,-8.92052048372448,4.64101883402718e-19,2.41202246444511e-18,"Bacteria","Proteobacteria","Deltaproteobacteria","Myxococcales","Sandaracinaceae","uncultured","uncultured Polyangiaceae bacterium"
"62b970c49532f8b07e3ef361b11722b3",5.85632584984074,-1.64941025266036,0.298966214399666,-5.51704565003248,3.44745907595253e-08,9.74798773200371e-08,"Bacteria","Proteobacteria","Deltaproteobacteria","Myxococcales","Sandaracinaceae","uncultured",NA
"906978ab7c594fe40621130fd8801e7a",7.07057125926299,-1.96242996137447,0.273775856652947,-7.16801687835517,7.60919235307452e-13,2.77212187798172e-12,"Bacteria","Proteobacteria","Deltaproteobacteria","Myxococcales","Archangiaceae",NA,NA
"67fe934cec14ac7b719f24cf74cbe617",1.69193275151643,-1.11947642903789,0.232857582306834,-4.80755841380665,1.52784784084369e-06,3.90156299841745e-06,"Bacteria","Proteobacteria","Deltaproteobacteria","Oligoflexales","Oligoflexaceae","Oligoflexus",NA
"0b22138156c69a62a95aad44b1f4b125",4.65191714861733,3.20622400450828,0.315611329546061,10.1587734797725,3.02862350292633e-24,2.10860768411286e-23,"Bacteria","Proteobacteria","Gammaproteobacteria","Alteromonadales","Marinobacteraceae","Marinobacter",NA
"9a071c02961ef815eb36d089160ca830",30.4395450443913,2.97594551621497,0.388199353008841,7.66602389506609,1.77410153849637e-14,7.27381630783512e-14,"Bacteria","Proteobacteria","Gammaproteobacteria","Pseudomonadales","Pseudomonadaceae","Pseudomonas",NA
"db42fc8f57d440b5f5089f256a96837b",2.09784980347642,1.25883632847475,0.253269129773775,4.97035043157124,6.68319998298747e-07,1.73059704822623e-06,"Bacteria","Proteobacteria","Gammaproteobacteria","Pseudomonadales","Pseudomonadaceae","Pseudomonas",NA
"d8b43bb0f33e16fc89db21215d1a6b66",4.83357157045095,2.12741597251546,0.28474875037425,7.47120389367598,7.94644133815988e-14,3.11940090827766e-13,"Bacteria","Proteobacteria","Gammaproteobacteria","Pseudomonadales","Pseudomonadaceae","Pseudomonas",NA
"794ff74811ded34cba9a313c5a434b2b",15.8722745351866,-4.45014680552916,0.278330731458426,-15.9887008603427,1.53192457079001e-57,3.42594040376675e-56,"Bacteria","Proteobacteria","Gammaproteobacteria","Gammaproteobacteria Incertae Sedis","Unknown Family","Acidibacter",NA
"67b11fc0fcaf25e70809ce3e86007344",5.45653545005932,-2.92089954934294,0.304747769086662,-9.58464620790158,9.27750572462035e-22,5.4339676387062e-21,"Bacteria","Proteobacteria","Gammaproteobacteria","Gammaproteobacteria Incertae Sedis","Unknown Family","Acidibacter",NA
"f31401fad44d8f0ec83683e932c4d2e2",3.89230659054908,-1.79233916276867,0.248951584891914,-7.19954911533037,6.04119929225646e-13,2.21811197894789e-12,"Bacteria","Proteobacteria","Gammaproteobacteria","Gammaproteobacteria Incertae Sedis","Unknown Family","Acidibacter",NA
"e31143d44cf7950dfa061dce5aeb610f",2.20459848778758,-0.949343818608342,0.266784253968077,-3.5584702038747,0.000373021097420656,0.000795634595076428,"Bacteria","Proteobacteria","Gammaproteobacteria","Gammaproteobacteria Incertae Sedis","Unknown Family","Acidibacter",NA
"84cd3aa1deee78ae1ed52928652dcf34",5.13411171905247,-2.48696218129416,0.304938901914442,-8.15560810929902,3.47427290024567e-16,1.55394751538261e-15,"Bacteria","Proteobacteria","Gammaproteobacteria","Gammaproteobacteria Incertae Sedis","Unknown Family","Acidibacter","uncultured proteobacterium"
"3aff6e6d087dc8d19cab59600871df0f",4.19646061885732,-2.81549557561956,0.280290413382714,-10.0449228414217,9.67233446847894e-24,6.48925712521587e-23,"Bacteria","Proteobacteria","Gammaproteobacteria","Gammaproteobacteria Incertae Sedis","Unknown Family","Acidibacter","uncultured proteobacterium"
"0dfaccff9dc10d63c790e549dfa234a5",10.6976829857056,-2.48555280453574,0.308071392284984,-8.06810650641805,7.13967531767543e-16,3.13635737169314e-15,"Bacteria","Proteobacteria","Gammaproteobacteria","Steroidobacterales","Steroidobacteraceae",NA,NA
"0b4cbf44924d5aa415bee1f3372968ed",14.8262481378971,-4.60517673369175,0.324232465459652,-14.2033177558674,8.73757479580412e-46,1.37198514878797e-44,"Bacteria","Proteobacteria","Gammaproteobacteria","Steroidobacterales","Steroidobacteraceae","Steroidobacter",NA
"4307883211f620de877c1bafa2da1987",8.02336181572218,-3.33934903691598,0.266947339719542,-12.5093924532994,6.63295948031355e-36,6.99303442353057e-35,"Bacteria","Proteobacteria","Gammaproteobacteria","Xanthomonadales","Rhodanobacteraceae","Dokdonella",NA
"b1bb8f70b3b04059e894db2c046bd3b1",3.79033491329633,-1.06796741350354,0.3023964165139,-3.53168012311566,0.00041292852862834,0.000875693258987686,"Bacteria","Proteobacteria","Gammaproteobacteria","Xanthomonadales","Rhodanobacteraceae","Rhodanobacter",NA
"4a400f4704a3234d2c286b3f6a39927c",4.26980284472119,-2.78464609569982,0.274696041365858,-10.1371904809907,3.77809345465763e-24,2.60582520517507e-23,"Bacteria","Proteobacteria","Gammaproteobacteria","Xanthomonadales","Rhodanobacteraceae","Dyella",NA
"3cbad7074216f02ba51f7baf73cb96b2",33.1653063033685,-5.27725654939946,0.383185644673728,-13.7720622438581,3.75343636446273e-43,4.94649292316695e-42,"Bacteria","Proteobacteria","Gammaproteobacteria","Xanthomonadales","Rhodanobacteraceae","Rhodanobacter",NA
"e8ac80199199281c6a285be38adfd4b2",7.44048434686914,3.59133783080118,0.331163713275983,10.8445994740017,2.11560464194961e-27,1.66097470825405e-26,"Bacteria","Proteobacteria","Gammaproteobacteria","Xanthomonadales","Rhodanobacteraceae","Luteibacter",NA
"3825b2c2fd1ab7ab163dbf82ba257d88",32.0627652960507,-4.44983891428518,0.366377188621862,-12.1455130190375,6.0601281043675e-34,5.8847033434516e-33,"Bacteria","Proteobacteria","Gammaproteobacteria","Xanthomonadales","Rhodanobacteraceae","Rhodanobacter","uncultured Xanthomonadaceae bacterium"
"696728884a83d75c3be4e5fcea6a01b5",4.88925716306619,-1.56318289087201,0.300872738163806,-5.19549527953895,2.04175517343812e-07,5.47932842908121e-07,"Bacteria","Proteobacteria","Gammaproteobacteria","Xanthomonadales","Xanthomonadaceae","Lysobacter",NA
"21c12848e8639713c4c0f48bf4864bf7",5.05855108481653,-2.49698077533658,0.266116055680549,-9.3830519505896,6.40901821233478e-21,3.61057667229242e-20,"Bacteria","Proteobacteria","Gammaproteobacteria","Xanthomonadales","Xanthomonadaceae","Arenimonas",NA
"bdc09a5e1f460a315b80c1a0e3387633",46.5193368260772,-6.11918676652801,0.35668326022139,-17.1558002546289,5.68810990885383e-66,1.90810232397006e-64,"Bacteria","Proteobacteria","Gammaproteobacteria","Xanthomonadales","Rhodanobacteraceae","Chujaibacter",NA
"596da1c8f3b6ec4bf8ba863e6eaf351a",8.96068939313654,-3.80630012607324,0.30517933588615,-12.472338977411,1.05677896139306e-35,1.09845475141983e-34,"Bacteria","Proteobacteria","Gammaproteobacteria","Xanthomonadales","Rhodanobacteraceae","Chujaibacter","uncultured gamma proteobacterium"
"cb085fd6f7f41b81e92f5f33fce5f2df",3.6348990300175,-2.07848713025722,0.293221842633352,-7.08844577058396,1.35626505776911e-12,4.88255420796878e-12,"Bacteria","Proteobacteria","Gammaproteobacteria","Betaproteobacteriales","Nitrosomonadaceae","MND1",NA
"467eda7e52f76fad7f931735db79b028",3.45011853343743,-0.988453612953949,0.268810210388139,-3.6771431097305,0.00023586073047711,0.000510455187953394,"Bacteria","Proteobacteria","Gammaproteobacteria","Betaproteobacteriales","Nitrosomonadaceae","MND1",NA
"56e00ca0c3293ec9b5d82309aac44b9a",2.84630212594113,-1.37870116922661,0.253602544393593,-5.43646426152118,5.43482339745976e-08,1.52505690772825e-07,"Bacteria","Proteobacteria","Gammaproteobacteria","Betaproteobacteriales","Nitrosomonadaceae","MND1",NA
"4814714211ed39a27a7e01930aebf0e0",17.3273405329942,-3.020500256165,0.339894741691625,-8.88657541782566,6.30212797256345e-19,3.20756582327712e-18,"Bacteria","Proteobacteria","Gammaproteobacteria","Betaproteobacteriales","Nitrosomonadaceae","mle1-7","uncultured Burkholderiales bacterium"
"c0ecb52169df252a442c8fa3e442396e",3.13417643053957,-1.70875054675329,0.257337526947111,-6.64011412181046,3.13440374612561e-11,1.06109631405537e-10,"Bacteria","Proteobacteria","Gammaproteobacteria","Betaproteobacteriales","SC-I-84",NA,NA
"740811fb22f54fb26c013487646806ff",2.26942975430452,-0.89526563615895,0.227618051800668,-3.93319259644205,8.38250199484385e-05,0.000188033023470966,"Bacteria","Proteobacteria","Gammaproteobacteria","Betaproteobacteriales","SC-I-84",NA,NA
"1ec666c9782c4ee00db05067f43e291d",1.9244912759784,-1.12152383718284,0.23889985523073,-4.6945354408008,2.6721328273357e-06,6.70759872984268e-06,"Bacteria","Proteobacteria","Gammaproteobacteria","Betaproteobacteriales","Burkholderiaceae","Castellaniella",NA
"f3cf8100b8614f9a706cd87724751ed7",2.35261310483535,-0.9668280586849,0.220297903968486,-4.38873017522313,1.14014421414681e-05,2.73190399363748e-05,"Bacteria","Proteobacteria","Gammaproteobacteria","Betaproteobacteriales","TRA3-20",NA,NA
"9e9fd98bf539e174764913aabfc6653c",13.2186027719071,-4.11496832141176,0.394172363401261,-10.4395150535269,1.6364453098889e-25,1.20769663869801e-24,"Bacteria","Proteobacteria","Gammaproteobacteria","Betaproteobacteriales","Burkholderiaceae","Burkholderia-Caballeronia-Paraburkholderia",NA
"7e3dddb4debada095c33337d98829c8f",2.78677446491413,-1.842085214384,0.270663368560941,-6.8058164803681,1.00477731922008e-11,3.46507318497392e-11,"Bacteria","Proteobacteria","Gammaproteobacteria","Betaproteobacteriales","Burkholderiaceae","Burkholderia-Caballeronia-Paraburkholderia",NA
"6f6a05d86ed17c9733358061c133447e",3.96739759166808,-2.68231909119295,0.30852787653471,-8.69392782694366,3.50120139576469e-18,1.76978536306462e-17,"Bacteria","Proteobacteria","Gammaproteobacteria","Betaproteobacteriales","Burkholderiaceae","Burkholderia-Caballeronia-Paraburkholderia",NA
"df31d8e10878ccd07a66a11c1a6cfb9d",48.9697839947278,-2.37811834757316,0.383027260689123,-6.20874436794543,5.34096207335949e-10,1.64234583755804e-09,"Bacteria","Proteobacteria","Gammaproteobacteria","Betaproteobacteriales","Burkholderiaceae","Burkholderia-Caballeronia-Paraburkholderia",NA
"8adc79d6926fb24296635ff5592aefc4",9.84739734412024,-3.58266479272772,0.361238134907503,-9.91773693451573,3.48569619771074e-23,2.27649893266418e-22,"Bacteria","Proteobacteria","Gammaproteobacteria","Betaproteobacteriales","Burkholderiaceae","Burkholderia-Caballeronia-Paraburkholderia",NA
"1f4fb747d53e04043bb1d71f984ea248",6.86174313384388,-2.85413472016091,0.298744891986586,-9.55375237106669,1.25081888177311e-21,7.15584755619035e-21,"Bacteria","Proteobacteria","Gammaproteobacteria","Betaproteobacteriales","Burkholderiaceae","Burkholderia-Caballeronia-Paraburkholderia",NA
"306ca21f9cbae906ea55566ff2b4a8b3",6.91807132242667,-3.13802375405141,0.30844839373401,-10.1735778749345,2.60172532335153e-24,1.82864122726993e-23,"Bacteria","Proteobacteria","Gammaproteobacteria","Betaproteobacteriales","Burkholderiaceae","Cupriavidus",NA
"a6795cd72b8a4633e7394e7f9268f7dd",14.0185622409369,-3.47777698500922,0.332087543879236,-10.4724704347054,1.15586448359728e-25,8.6164443322706e-25,"Bacteria","Proteobacteria","Gammaproteobacteria","Betaproteobacteriales","Burkholderiaceae",NA,NA
"1c41d4ffa404b6f81c1ec7b828c12551",2.30471989115673,-1.31707776059724,0.25049750038751,-5.25784791688448,1.45750973392136e-07,3.95456685159545e-07,"Bacteria","Proteobacteria","Gammaproteobacteria","Betaproteobacteriales","Burkholderiaceae",NA,NA
"1f7731434706b5ca9f613df57e29e7cd",28.2621069401204,6.22180306625256,0.346416454712115,17.9604720896503,3.97413374660118e-72,2.09493621785119e-70,"Bacteria","Proteobacteria","Gammaproteobacteria","Betaproteobacteriales","Burkholderiaceae",NA,NA
"2332807853f18e52a250645f0e2c2b45",7.06857907071951,-3.92408696640393,0.335951425335888,-11.6805188800154,1.60313909221731e-31,1.3919019412428e-30,"Bacteria","Proteobacteria","Gammaproteobacteria","Betaproteobacteriales","Burkholderiaceae",NA,NA
"591632b33966a0eca9a11025b1307338",5.04375384683336,2.83955531790158,0.31942479038659,8.88958967293978,6.13349880742373e-19,3.14341813880466e-18,"Bacteria","Proteobacteria","Gammaproteobacteria","Betaproteobacteriales","Burkholderiaceae",NA,NA
"262ae05cb422efa3708812c60f453c13",3.30250856152254,-2.37867364807627,0.277484726568764,-8.57226874246288,1.01465966220176e-17,5.02562973627448e-17,"Bacteria","Proteobacteria","Gammaproteobacteria","Betaproteobacteriales","Burkholderiaceae",NA,NA
"b82d4711585abf7bf0ee0686e7a6a70a",7.58001207566352,-3.77512371723006,0.317254521623592,-11.8993535471468,1.19267450540101e-32,1.1284535704948e-31,"Bacteria","Proteobacteria","Gammaproteobacteria","Betaproteobacteriales","Burkholderiaceae",NA,NA
"907807272752e0300244f5e0bdb9c80c",1.83820985711738,-1.00034063850403,0.241014392776194,-4.15054315628754,3.31687218529883e-05,7.7219295670364e-05,"Bacteria","Proteobacteria","Gammaproteobacteria","Betaproteobacteriales","Burkholderiaceae",NA,NA
"e5a0c0b4d5389007272ef8b556586848",19.9144735484978,-4.72786827987831,0.323376507367406,-14.6203208092254,2.08415947635655e-48,3.7514870574418e-47,"Bacteria","Proteobacteria","Gammaproteobacteria","Betaproteobacteriales","Nitrosomonadaceae","Ellin6067",NA
"266ae2b968122343cdcf95e6eb05caf5",4.67740894543669,2.30178170744274,0.296214195569812,7.77066643620818,7.80742507818193e-15,3.29250269011329e-14,"Bacteria","Proteobacteria","Gammaproteobacteria","Betaproteobacteriales","Hydrogenophilaceae","Hydrogenophilus",NA
"e9e089a007f4eaa45b8cf59615768725",8.31297431953897,-2.28699953332137,0.27975396545384,-8.17503884032962,2.95770580477114e-16,1.33913305762031e-15,"Bacteria","Proteobacteria","Gammaproteobacteria","Betaproteobacteriales","Nitrosomonadaceae","Nitrosospira",NA
"fc0fd579f0b7026b157eb2dbd04895de",4.04962242609309,-1.52699193685282,0.34890121219767,-4.37657389389551,1.20559331855883e-05,2.87937821714051e-05,"Bacteria","Proteobacteria","Gammaproteobacteria","Betaproteobacteriales","Burkholderiaceae","Massilia",NA
"578c446e99df776e65c78dc59e8f697a",10.9745685650204,-3.81941620993641,0.330929058098768,-11.5414954246674,8.14959430700018e-31,6.83454613473424e-30,"Bacteria","Proteobacteria","Gammaproteobacteria","Betaproteobacteriales","Burkholderiaceae","Duganella",NA
"f47bdab5a09061bb25fe2c6f3833da72",42.0099946767355,-6.25992986169369,0.384103069344127,-16.2975262665378,1.02768064728139e-59,2.52809439231222e-58,"Bacteria","Proteobacteria","Gammaproteobacteria","Betaproteobacteriales","Burkholderiaceae",NA,NA
"22e1fc31128e9ee8e4cc171c7a66693c",357.722554471952,-8.3914385151837,0.341319428949343,-24.585294019196,1.81464327369535e-133,4.46402245329056e-131,"Bacteria","Proteobacteria","Gammaproteobacteria","Betaproteobacteriales","Burkholderiaceae","Massilia",NA
"3e8771b913aa3d9904df230b13e24054",45.2510791427946,-5.78482347812503,0.429675107070689,-13.4632502161065,2.57342484673092e-41,3.27446127049555e-40,"Bacteria","Proteobacteria","Gammaproteobacteria","Betaproteobacteriales","Burkholderiaceae","Massilia",NA
"15ab916c1a880772b95c4f672181f539",31.2635971391072,-3.46297437987023,0.388393187007741,-8.91615634802886,4.82751820188601e-19,2.49140449859572e-18,"Bacteria","Proteobacteria","Gammaproteobacteria","Betaproteobacteriales","Burkholderiaceae","Massilia",NA
"c89cf55dd0f915acd99cfe7fc148f274",12.4435965912824,-4.42867576685343,0.353088844218547,-12.5426669218478,4.36069088041513e-36,4.66404328948749e-35,"Bacteria","Proteobacteria","Gammaproteobacteria","Betaproteobacteriales","Burkholderiaceae","Massilia",NA
"d49a9874e1503db6e219c941d9660a84",42.515243530653,-4.17235761365734,0.40431266055671,-10.3196313662607,5.744327761517e-25,4.15619008627406e-24,"Bacteria","Proteobacteria","Gammaproteobacteria","Betaproteobacteriales","Burkholderiaceae","Ralstonia",NA
"fde78849cae05ca5912a8028b7dc7606",39.7037476937916,-6.28467582714176,0.370010090271747,-16.9851471415985,1.0578799918239e-64,3.25298097485849e-63,"Bacteria","Proteobacteria","Gammaproteobacteria","Betaproteobacteriales","Burkholderiaceae",NA,NA
"57846cd98df3988ba283a9108e134a94",4.4818687388163,-1.22735982170941,0.308752327789087,-3.9752245124702,7.03128933434724e-05,0.000158687814334809,"Bacteria","Proteobacteria","Gammaproteobacteria","Betaproteobacteriales","Methylophilaceae","Methylophilus",NA
"175ba2f0dfd211130a56284a517bf9d9",117.910809633214,8.14055912613748,0.373243361573041,21.8103252843639,1.85155187620037e-105,2.27740880772646e-103,"Bacteria","Proteobacteria","Gammaproteobacteria","Pseudomonadales","Moraxellaceae","Acinetobacter",NA
"501a6ee48b44a7d5f6faa820481a2699",38.5432658593507,3.71768985942041,0.370353755966558,10.0382129235274,1.03532798502123e-23,6.88353200851951e-23,"Bacteria","Proteobacteria","Gammaproteobacteria","Enterobacteriales","Enterobacteriaceae","Pantoea",NA
"3c81749abbc26689fc2f9c428e08b87f",61.2926468049713,3.30541343706752,0.396595385853221,8.33447275226457,7.78442975537465e-17,3.63601845535854e-16,"Bacteria","Proteobacteria","Gammaproteobacteria","Enterobacteriales","Enterobacteriaceae",NA,NA
"94cda2930d93f669b9f87cf23de82a93",2.52592169897928,-1.66306126191907,0.249109800710392,-6.67601699000392,2.45523518110364e-11,8.35006250532021e-11,"Bacteria","Acidobacteria","Blastocatellia (Subgroup 4)","DS-100","uncultured bacterium","uncultured bacterium","uncultured bacterium"
"d3b9487855d2ffde10be6ae554ca9cd7",2.10749226833634,-1.06315857176918,0.229508653986367,-4.63232454769368,3.61582731969405e-06,8.95463275816849e-06,"Bacteria","Proteobacteria","Alphaproteobacteria","Rhodospirillales","Rhodospirillaceae","uncultured",NA
"015d9faa8efd37e030d1a6707932cd6d",2.17549765496848,-1.07407183672795,0.233607624387924,-4.59776019529383,4.2705712486641e-06,1.05056052717137e-05,"Bacteria","Proteobacteria","Alphaproteobacteria","Rhodospirillales","Rhodospirillaceae","uncultured",NA
"5f6c5a807ae337ec7df3d94fcd85f8bf",3.05013968976498,-2.03373250333251,0.266856730467782,-7.62106505527335,2.5159109762401e-14,1.02018807717868e-13,"Bacteria","Proteobacteria","Alphaproteobacteria","Elsterales","uncultured",NA,NA
"9895deb88d4b1588e253b5df655063a7",12.4132203864024,-3.62435876757079,0.30522935342085,-11.8742143471815,1.6114082182816e-32,1.48652408136478e-31,"Bacteria","Proteobacteria","Alphaproteobacteria","Elsterales","uncultured",NA,NA
"fa39049d09c2306de1b40a5a209fd06c",62.5194220924527,-6.12110989410605,0.374165990264391,-16.3593433218791,3.73129673523513e-60,9.49550686415008e-59,"Bacteria","Proteobacteria","Alphaproteobacteria","Elsterales","uncultured",NA,NA
"086be43e9cbdfa5a75bb6cb68332b0ca",14.2011822841349,1.45697517121282,0.357127021639992,4.079711371383,4.5091652743017e-05,0.000103668659577403,"Bacteria","Proteobacteria","Alphaproteobacteria","Azospirillales","Azospirillaceae","Azospirillum",NA
"31dcf55a9fac5c4abc24891a3be3d1a9",11.0462641771757,-4.41095514295644,0.303058776115005,-14.5547843870476,5.44573655304117e-48,9.34640366545206e-47,"Bacteria","Proteobacteria","Alphaproteobacteria","Dongiales","Dongiaceae","Dongia",NA
"9758d97d9cafe90dd00424345dd375d1",99.6385511562966,-7.43692821038562,0.370596878470969,-20.067433490183,1.42158466350212e-89,1.49875640237794e-87,"Bacteria","Proteobacteria","Alphaproteobacteria","Dongiales","Dongiaceae","Dongia",NA
"2892e394a55af3caf33655a1ca325bb2",14.5269178218218,-2.4507239893436,0.330301582358246,-7.41965561244432,1.17425262023886e-13,4.58517689807554e-13,"Bacteria","Proteobacteria","Alphaproteobacteria","Acetobacterales","Acetobacteraceae",NA,NA
"94e5e5ab684aee8cf6aa780fc09b2489",1.61691728610416,0.887975800878841,0.248567211385481,3.57237704816086,0.000353755584502165,0.000758929131868016,"Bacteria","Proteobacteria","Alphaproteobacteria","Acetobacterales","Acetobacteraceae",NA,NA
"0a56e0b6da804b44dcdb045b2afdf40c",2.67936690291143,-1.52306979323625,0.23349542118864,-6.52291075123811,6.89558980264889e-11,2.27185056890843e-10,"Bacteria","Proteobacteria","Alphaproteobacteria","Reyranellales","Reyranellaceae","Reyranella",NA
"96dd88337d086ac0400d0404650680f6",2.35364693138058,-1.22103353726638,0.241489084192494,-5.05626803525861,4.27540333016345e-07,1.13498117182037e-06,"Bacteria","Proteobacteria","Alphaproteobacteria","Reyranellales","Reyranellaceae","Reyranella","uncultured proteobacterium"
"953b4497b27c1f16fa81eadc7576d679",2.0963378894255,-1.31170477953343,0.227912084325192,-5.75531035757565,8.64827598270244e-09,2.49313581063844e-08,"Bacteria","Proteobacteria","Alphaproteobacteria","Reyranellales","Reyranellaceae","Reyranella",NA
"023dd298e133dd35276a5ae0f985abd2",3.05590425890547,-1.10962866196847,0.294068245162571,-3.77337125045592,0.000161056351013503,0.000351655582982145,"Bacteria","Proteobacteria","Alphaproteobacteria","Reyranellales","Reyranellaceae","Reyranella",NA
"02bdfddfda6501e1b042fa75b6d41f3b",5.07729982453926,-2.15679904268268,0.256761575509562,-8.40000704311912,4.46451861162289e-17,2.11206072780621e-16,"Bacteria","Proteobacteria","Alphaproteobacteria","Reyranellales","Reyranellaceae","Reyranella",NA
"35f4c0fa3cb52309e337a64c181ff56e",2.78645891956693,1.59932666646125,0.280965482503666,5.69225319854152,1.25373746355503e-08,3.57242566835372e-08,"Bacteria","Proteobacteria","Alphaproteobacteria","Sphingomonadales","Sphingomonadaceae","Sphingomonas",NA
"dd55dbe6f09434166f2bdbd9e11813a7",4.65549830835204,2.89626662479533,0.315506710410695,9.17973066571314,4.3217099656515e-20,2.32804522237285e-19,"Bacteria","Proteobacteria","Alphaproteobacteria","Sphingomonadales","Sphingomonadaceae","Sphingomonas",NA
"9fad27474da0aace8ddede12ebdba2ea",91.7248031843667,7.61670295547321,0.337486733230766,22.5688959164658,8.76061683199567e-113,1.29306704440256e-110,"Bacteria","Proteobacteria","Alphaproteobacteria","Sphingomonadales","Sphingomonadaceae","Sphingomonas",NA
"5127e04dde682b013e8923c854134898",35.6391299213326,6.55574084431522,0.368205406032084,17.8045752096969,6.51244880795371e-71,3.20412481351323e-69,"Bacteria","Proteobacteria","Alphaproteobacteria","Sphingomonadales","Sphingomonadaceae","Sphingomonas",NA
"aa66fa343a6c20a322c0fb321e91e8d4",47.6708528865426,-3.8361719959244,0.317228588964069,-12.0927688404494,1.15333158295527e-33,1.10540091976752e-32,"Bacteria","Proteobacteria","Alphaproteobacteria","Sphingomonadales","Sphingomonadaceae","Sphingomonas",NA
"468d1b85063532bdf6c75fbb623df4e9",4.61757170165153,-1.28560998356193,0.291083172569897,-4.41664137508058,1.00246344119527e-05,2.41770594641213e-05,"Bacteria","Proteobacteria","Alphaproteobacteria","Sphingomonadales","Sphingomonadaceae","Sphingomonas",NA
"9dd5541ac435fe95d45dfd10c6efc6ce",4.20164340070073,-1.38028027748797,0.274519679344321,-5.02798298753923,4.95665837948157e-07,1.3064335300205e-06,"Bacteria","Proteobacteria","Alphaproteobacteria","Sphingomonadales","Sphingomonadaceae","Porphyrobacter",NA
"ed84a29ba7a689a813e99223d4639c2c",17.5305149384538,-4.20999757740927,0.33001582685326,-12.7569565906947,2.85124717010974e-37,3.23726217160152e-36,"Bacteria","Proteobacteria","Alphaproteobacteria","Sphingomonadales","Sphingomonadaceae","Sphingobium",NA
"ad4bfaa4d919f732d19afb8a86fda936",2.17513098976779,-1.40584091146138,0.264418189370262,-5.31673299332973,1.05646918630747e-07,2.89841732154244e-07,"Bacteria","Proteobacteria","Alphaproteobacteria","Sphingomonadales","Sphingomonadaceae","Sphingobium",NA
"fb1423592afa0839010c8b07afd87ba1",2.52514665701002,-1.51339390437927,0.23421115090903,-6.46166460693877,1.03557423983223e-10,3.32284256085298e-10,"Bacteria","Proteobacteria","Alphaproteobacteria","Rhizobiales","KF-JG30-B3",NA,NA
"1795aafbda4d8f6323244aaf94671a34",5.28101448977299,-2.67218766624541,0.288752560219168,-9.25424752673073,2.15744639374456e-20,1.17940402858036e-19,"Bacteria","Proteobacteria","Alphaproteobacteria","Micropepsales","Micropepsaceae","uncultured","Rhizobiales bacterium WWH35"
"4c907f1b18721854dbd6bf6b8a20bd26",1.74348282412025,-0.966719005793852,0.238305746045091,-4.05663321945638,4.97851708377458e-05,0.00011410390086415,"Bacteria","Proteobacteria","Alphaproteobacteria","Micropepsales","Micropepsaceae","uncultured",NA
"aaf954299afd5c6d57649534dc1bda74",1.83862643413215,-0.991720858951753,0.241485741163541,-4.10674706578279,4.01270218058614e-05,9.28330473126198e-05,"Bacteria","Proteobacteria","Alphaproteobacteria","Micropepsales","Micropepsaceae","uncultured",NA
"ec87436d598fa6a078fc1cc3be75a256",2.49809710795089,-1.55040364456166,0.232229185654612,-6.67617913825669,2.45252163090099e-11,8.35006250532021e-11,"Bacteria","Proteobacteria","Alphaproteobacteria","Micropepsales","Micropepsaceae","uncultured",NA
"646ce1f0f312c610b2e94504f3f6a35a",3.13808525585571,-1.85500871317033,0.263104776341846,-7.05045624394201,1.78332087239048e-12,6.38879030982609e-12,"Bacteria","Proteobacteria","Alphaproteobacteria","Micropepsales","Micropepsaceae","uncultured",NA
"05ee5c007ed8b04b269d4eabffe57b64",1.9185484361996,-0.982581837984845,0.222090076254176,-4.42424918104088,9.67782669069171e-06,2.34171675335426e-05,"Bacteria","Proteobacteria","Alphaproteobacteria","Rhizobiales","Rhizobiaceae","Allorhizobium-Neorhizobium-Pararhizobium-Rhizobium",NA
"7ff6d1765bd4b638501707ae80b9ffa2",9.65095940906654,-3.48561339005592,0.29821099968193,-11.6884132167279,1.46090551189966e-31,1.28350984259756e-30,"Bacteria","Proteobacteria","Alphaproteobacteria","Rhizobiales","Rhizobiaceae","Allorhizobium-Neorhizobium-Pararhizobium-Rhizobium",NA
"90da2bfd5a8543ae865c96f74b9665bb",2.8412246729573,-1.75010296510788,0.26878393692252,-6.51118882008326,7.4558350788428e-11,2.42396752783523e-10,"Bacteria","Proteobacteria","Alphaproteobacteria","Caulobacterales","Hyphomonadaceae","SWB02",NA
"d7098f48ef37829bae2af478c111b5ae",2.40709713813767,-1.23860491799013,0.232923028601722,-5.31765762031215,1.05111618487327e-07,2.89449158371819e-07,"Bacteria","Proteobacteria","Alphaproteobacteria","Rhizobiales","Rhizobiales Incertae Sedis","Bauldia","uncultured proteobacterium"
"ed3bf9ebadc7c48350ed65bb92f9b625",4.92815788046126,-2.37698200332902,0.283826943646989,-8.37475812826777,5.53374047635646e-17,2.6012104914338e-16,"Bacteria","Proteobacteria","Alphaproteobacteria","Caulobacterales","Caulobacteraceae",NA,NA
"577cad5e13177a4bd621578ae16a230a",4.37915225471801,-1.82172478519748,0.275579495539441,-6.61052369528254,3.82962810201319e-11,1.29053220971951e-10,"Bacteria","Proteobacteria","Alphaproteobacteria","Caulobacterales","Caulobacteraceae",NA,NA
"69d0ef0e534754f721273ca9db68cb1f",10.3470243493852,-3.1111758799812,0.236760875202566,-13.1405827813374,1.92736601028668e-39,2.25777161205011e-38,"Bacteria","Proteobacteria","Alphaproteobacteria","Caulobacterales","Caulobacteraceae","Phenylobacterium",NA
"9231347f303ff783cac6ff5da2d9d716",2.72466992474812,-2.17253877652214,0.257104824695124,-8.45001169891832,2.91273634242989e-17,1.40496694164265e-16,"Bacteria","Proteobacteria","Alphaproteobacteria","Caulobacterales","Caulobacteraceae","Caulobacter",NA
"022b79f3289e8ab3bc7f76d424780ef7",3.97894230038235,-2.57471558254711,0.267870965022071,-9.61177551413596,7.13085901182655e-22,4.27851540709593e-21,"Bacteria","Proteobacteria","Alphaproteobacteria","Caulobacterales","Caulobacteraceae",NA,NA
"0ae47600f2b4c31487b5299f6572f8db",5.47040827902017,3.53671500267599,0.32526287603981,10.873405061582,1.54331270840351e-27,1.22469331053956e-26,"Bacteria","Proteobacteria","Alphaproteobacteria","Caulobacterales","Caulobacteraceae","Caulobacter",NA
"747eb885e5a1161cce494a8e633b8c7d",2.4890920615863,-1.68300050773775,0.257518182086858,-6.53546283256262,6.34131291477057e-11,2.09860490183887e-10,"Bacteria","Proteobacteria","Alphaproteobacteria","Caulobacterales","Caulobacteraceae",NA,NA
"9cb16ad3d0c282b326d687159f487730",16.5312424146814,-5.19370342456258,0.287028843782682,-18.0947090756318,3.50791334444221e-73,1.99141542169104e-71,"Bacteria","Proteobacteria","Alphaproteobacteria","Caulobacterales","Caulobacteraceae","Asticcacaulis","Asticcacaulis solisilvae"
"323563c29bb6767d34cada96af4d5e5c",16.2914142029196,-5.20549003922531,0.322572365408728,-16.1374333248587,1.39211120149973e-58,3.3141227958284e-57,"Bacteria","Proteobacteria","Alphaproteobacteria","Caulobacterales","Caulobacteraceae","Asticcacaulis",NA
"2d33c43c84ace76d40b6ff06bda7e1d1",23.4410332689472,5.92717801450977,0.35984834837787,16.4713219922459,5.89675319128107e-61,1.55421566255908e-59,"Bacteria","Proteobacteria","Alphaproteobacteria","Caulobacterales","Caulobacteraceae","Brevundimonas",NA
"02357ee2bea058b964eda94bcb75762f",23.8868605426285,5.10233802529312,0.342621593839118,14.8920503466252,3.71208836456643e-50,7.02441336679493e-49,"Bacteria","Proteobacteria","Alphaproteobacteria","Rhizobiales","Beijerinckiaceae","Methylobacterium",NA
"0e117d6e31003cdbf2c152684f633451",24.6410423185231,4.35798088549405,0.354944081205175,12.2779364870573,1.18994694508192e-34,1.17090779396061e-33,"Bacteria","Proteobacteria","Alphaproteobacteria","Rhizobiales","Beijerinckiaceae","Methylobacterium",NA
"c11b769c8c217d2d6cef09ad73f78f55",4.25622832972766,-1.67533647795658,0.273825141876086,-6.11827119481498,9.45959815045033e-10,2.87291499384047e-09,"Bacteria","Proteobacteria","Alphaproteobacteria","Rhizobiales","Beijerinckiaceae","Microvirga",NA
"560dfda31003c1078ac7bd9f3d218c76",18.2400155878111,5.23469153748545,0.352444409544645,14.8525310537586,6.69908382541121e-50,1.23598096578837e-48,"Bacteria","Proteobacteria","Alphaproteobacteria","Rhizobiales","Beijerinckiaceae","Methylobacterium",NA
"ff36c4a97a9ef79126bd65c7392b02e9",1.98028373756551,-1.14345013731253,0.239792239712695,-4.7685035123845,1.85599437817781e-06,4.7231856934318e-06,"Bacteria","Proteobacteria","Alphaproteobacteria","Rhizobiales","Labraceae","Labrys",NA
"65957cdaa5e18284d8d21286eeceb3d6",3.71853579532823,-1.38903163792934,0.264828749382042,-5.24501830398152,1.56266812678227e-07,4.22435559547736e-07,"Bacteria","Proteobacteria","Alphaproteobacteria","Rhizobiales","Methyloligellaceae","uncultured",NA
"f701ea4211d0ac1b193a4eae9cc58d28",1.97540478569942,-0.928382864268003,0.219054923460144,-4.23812827214048,2.25390988847819e-05,5.29740604362071e-05,"Bacteria","Proteobacteria","Alphaproteobacteria","Rhizobiales","Rhizobiales Incertae Sedis","Bauldia",NA
"37552ca16917762d50eb4875c1f26a95",2.41291437900639,-1.24904642691628,0.258304714593441,-4.8355541201879,1.32775242472928e-06,3.41422052073244e-06,"Bacteria","Proteobacteria","Alphaproteobacteria","Rhizobiales","Rhizobiales Incertae Sedis","Bauldia",NA
"8e4ec6a6017739fb481f7cf53d562ac1",13.6859894462011,-1.67641427441913,0.336854640864122,-4.97666967009473,6.46875753548632e-07,1.68096586661581e-06,"Bacteria","Proteobacteria","Alphaproteobacteria","Rhizobiales","Xanthobacteraceae","Pseudolabrys",NA
"eb18723bcaec91b40bff6399c5f6b879",2.02645456427085,-1.16163426438017,0.261272260868343,-4.44606809968824,8.74562345109001e-06,2.12311516674488e-05,"Bacteria","Proteobacteria","Alphaproteobacteria","Rhizobiales","Xanthobacteraceae","Pseudolabrys",NA
"59eb8b8a766e55f7e59e8d9162289b82",13.1985687639952,-3.50844657331977,0.284554341213727,-12.3296188642035,6.27427881736858e-35,6.25732130705137e-34,"Bacteria","Proteobacteria","Alphaproteobacteria","Rhizobiales","Xanthobacteraceae",NA,NA
"f93d3c93287d583aa23c2ddeaf1115fc",3.49609992301428,-1.64938319533356,0.266337187594464,-6.19283852259108,5.90902586311323e-10,1.80948592820646e-09,"Bacteria","Proteobacteria","Alphaproteobacteria","Rhizobiales","Xanthobacteraceae","uncultured",NA
"55ab9550c5b155790de8ad1d3b5f4491",11.4912800463483,-3.61765520949519,0.280247701626359,-12.9087774440286,4.01626963397213e-38,4.63126092167411e-37,"Bacteria","Proteobacteria","Alphaproteobacteria","Rhizobiales","Xanthobacteraceae","uncultured",NA
"93421c9e1b8c215f05e5d4ceb0a5a628",4.88066206737872,-2.86993235033162,0.292160438871815,-9.82313814085828,8.95127560124441e-23,5.74438382062467e-22,"Bacteria","Proteobacteria","Alphaproteobacteria","Rhizobiales","Xanthobacteraceae","uncultured",NA
"169a779fd79505505a49eb41a9b64e73",4.16858969857898,-2.46665430143875,0.291717754732243,-8.45561938354696,2.7760976501931e-17,1.34786846437007e-16,"Bacteria","Proteobacteria","Alphaproteobacteria","Rhizobiales","Xanthobacteraceae","Pseudolabrys",NA
"d403b1468b92e5b2995bceaddbc48a64",99.2436033918723,-6.80093984231354,0.368053999549923,-18.4781033506771,3.09884647808532e-76,2.54105411202997e-74,"Bacteria","Proteobacteria","Alphaproteobacteria","Rhizobiales","Xanthobacteraceae","Pseudolabrys",NA
"be6f3745790663defdb961c3afd60c63",2.53836003229719,-1.12186246393233,0.269443803242741,-4.16362317645007,3.1323691649904e-05,7.33869347226321e-05,"Bacteria","Proteobacteria","Alphaproteobacteria","Rhizobiales","Xanthobacteraceae","uncultured",NA
"f966c80f5f419156fef1277a775b72da",8.07801053059709,-2.51333193611008,0.314599349102877,-7.98899280394951,1.36045635132178e-15,5.90598110162042e-15,"Bacteria","Proteobacteria","Alphaproteobacteria","Rhizobiales","Xanthobacteraceae","uncultured",NA
"28eeebd215a5851ac890e11b67b411c5",10.6489791195053,-2.87777913849002,0.29575344835617,-9.73033164781351,2.23861891035165e-22,1.40008538630468e-21,"Bacteria","Proteobacteria","Alphaproteobacteria","Rhizobiales","Xanthobacteraceae",NA,NA
"ce99eb705f7740babaa33cfa4663349e",9.33892413776823,-2.9027998840386,0.317200628968916,-9.15130557424921,5.62495732544475e-20,2.98648813394117e-19,"Bacteria","Proteobacteria","Alphaproteobacteria","Rhizobiales","Xanthobacteraceae","uncultured",NA
"653a386f271bfc21e33d46ca3d2b21e5",97.5519650589662,-4.37539495406429,0.307895934626302,-14.210629183444,7.87150873594074e-46,1.2628637928531e-44,"Bacteria","Proteobacteria","Alphaproteobacteria","Rhizobiales","Xanthobacteraceae","Bradyrhizobium",NA
"6334cabe42d3d2dba3a2839c3d60403f",28.8703598302384,-5.41843570889115,0.359970563438671,-15.052441113881,3.32726487578943e-51,6.63654453603405e-50,"Bacteria","Proteobacteria","Alphaproteobacteria","Rhizobiales","Xanthobacteraceae","Bradyrhizobium",NA
"c750b833de1c76923314d431478f3dda",78.5983153457266,-5.32374440286485,0.332684659360285,-16.0023741795062,1.22993888209118e-57,2.8365465468228e-56,"Bacteria","Proteobacteria","Alphaproteobacteria","Rhizobiales","Xanthobacteraceae",NA,NA
"0e4d5a753eba24ee2ab9526abc0eb8cd",1.87517264654575,-1.04662999127501,0.225080084875587,-4.65003375066938,3.31880713577644e-06,8.30264293628141e-06,"Bacteria","Proteobacteria","Alphaproteobacteria","Rhizobiales","Xanthobacteraceae","Rhodopseudomonas",NA
"da443f436f8e57bb1ce3c41052e55153",4.01595355482063,-1.53472603835382,0.256640036165415,-5.98007256110509,2.23038245193665e-09,6.6371864900373e-09,"Bacteria","Proteobacteria","Alphaproteobacteria","Rhizobiales","Xanthobacteraceae",NA,NA
"08775dccae9e561c12d94ce427d715ba",5.63639099823796,-2.74463004461785,0.298173800944951,-9.20479946903373,3.42309780331428e-20,1.85753395503378e-19,"Bacteria","Proteobacteria","Alphaproteobacteria","Rhizobiales","Xanthobacteraceae",NA,NA
"879fd92a62c595cbdc922ae1cd6adcaa",3.51879477658127,-1.74050324797889,0.263919979801924,-6.5948142663741,4.25788570352734e-11,1.42832711327417e-10,"Bacteria","Proteobacteria","Alphaproteobacteria","Rhizobiales","Rhizobiales Incertae Sedis","Nordella",NA
"642a83f7510d26bd4141a44a855be95a",4.13920773195576,-2.00811740059487,0.259514575448031,-7.73797539937023,1.01012385924539e-14,4.21170287075195e-14,"Bacteria","Proteobacteria","Alphaproteobacteria","Rhizobiales","Rhizobiales Incertae Sedis","Nordella","Nordella oligomobilis"
"4e96ca428de3410650d91805e4e4f1f1",98.104386012696,-7.11582681169134,0.253656889480035,-28.0529609358449,3.67576115639621e-173,2.7127117334204e-170,"Bacteria","Proteobacteria","Alphaproteobacteria","Rhizobiales","Devosiaceae","Devosia",NA
"844ea6c43f8d7eda0a86db8935f1dc01",10.9873518563216,-4.07610858818715,0.329940147392862,-12.354084885989,4.62994682220467e-35,4.74569549275979e-34,"Bacteria","Proteobacteria","Alphaproteobacteria","Rhizobiales","Devosiaceae","Devosia",NA
"736976edca4c2b1f7cb62d5de9db0b24",4.80966976718515,-2.6277721854127,0.277197119413788,-9.47979615001004,2.54780306986454e-21,1.44636820427695e-20,"Bacteria","Proteobacteria","Alphaproteobacteria","Rhizobiales","Devosiaceae","Devosia",NA
"2529a3b4760a821b0ccbe27dfecaa0c9",7.74456175795488,-2.59746357121329,0.303766808936692,-8.55084721173283,1.22188281160855e-17,6.01166343311407e-17,"Bacteria","Proteobacteria","Alphaproteobacteria","Rhizobiales","Methyloligellaceae","uncultured",NA
"fb8941cfb1298bee1e78b5962260da77",10.8005087670548,-2.45182078231166,0.348232385463105,-7.04076037916764,1.91193562557729e-12,6.81646614336252e-12,"Bacteria","Proteobacteria","Alphaproteobacteria","Rhizobiales","Hyphomicrobiaceae","Pedomicrobium",NA
"8b60b0086d4ee8207c962088e308026f",2.97804183884095,-1.02577021913779,0.292868610569612,-3.50249286580331,0.000460926126905719,0.000958206990581467,"Bacteria","Proteobacteria","Alphaproteobacteria","Rhizobiales","Hyphomicrobiaceae","Hyphomicrobium",NA
"f4683ab03994f79618c11e853fc4e1ba",1.95490619244743,-1.03968507559611,0.242052081210972,-4.2952949232852,1.74461248159564e-05,4.13994858976713e-05,"Bacteria","Proteobacteria","Alphaproteobacteria","Rhizobiales","Hyphomicrobiaceae","Hyphomicrobium",NA
"b4a4f260bd6ee848ea394f8b764569bd",2.09031773203399,-1.31378672644239,0.226934348513178,-5.78928106322387,7.06883284818505e-09,2.04580338900414e-08,"Bacteria","Proteobacteria","Alphaproteobacteria","Rhizobiales","Hyphomicrobiaceae","Hyphomicrobium",NA
"b7fce796300b860c43108ebc8ba7ab27",3.24493401000197,-1.77132438688924,0.269795658573399,-6.56542954121459,5.18830819381073e-11,1.73256626562548e-10,"Bacteria","Proteobacteria","Alphaproteobacteria","Rhizobiales","Methyloligellaceae","uncultured","uncultured Hyphomicrobiaceae bacterium"
"28e2a83419c30a4589f8d2b82a980aa8",9.12969621433871,-2.4096300319828,0.257046285216787,-9.37430404781214,6.96336271737273e-21,3.89315279198566e-20,"Bacteria","Proteobacteria","Alphaproteobacteria","Rhizobiales","Methyloligellaceae","uncultured",NA
"ad6d408e14d4afabd9a855d01ff1c8b5",3.90892358997527,-2.11800622517628,0.268997505437476,-7.87370210638837,3.44298176744576e-15,1.46029916343389e-14,"Bacteria","Proteobacteria","Alphaproteobacteria","Rhizobiales","Rhizobiaceae",NA,NA
"2f276f6e58e6818619ed2717ab67200f",27.1592893089191,6.16312397802141,0.373853253188991,16.4854095168347,4.67118965670329e-61,1.2767918394989e-59,"Bacteria","Proteobacteria","Alphaproteobacteria","Rhizobiales","Rhizobiaceae",NA,NA
"296ee884fa31386054b980eea190fc36",3.42360079447632,-2.60279218981979,0.265557130044699,-9.80125138941549,1.11199365722588e-22,7.07458033648877e-22,"Bacteria","Proteobacteria","Alphaproteobacteria","Rhizobiales","Rhizobiaceae","Allorhizobium-Neorhizobium-Pararhizobium-Rhizobium",NA
"68cee33877840ff76a5ae275b950fa56",10.6128838673811,-2.19900520948471,0.265589608644117,-8.27971101998695,1.23474549058259e-16,5.69526357531218e-16,"Bacteria","Proteobacteria","Alphaproteobacteria","Rhizobiales","Rhizobiaceae","Allorhizobium-Neorhizobium-Pararhizobium-Rhizobium",NA
"c628c83b791028543590aa57896bfdd7",4.1546618172734,-1.09567518205451,0.273260088730893,-4.00964219525499,6.08108242674791e-05,0.000138087348644306,"Bacteria","Proteobacteria","Alphaproteobacteria","Rhizobiales","Rhizobiaceae","Allorhizobium-Neorhizobium-Pararhizobium-Rhizobium",NA
"01fae3653643d20ee1106d85f17b67a9",70.2193223656311,5.23400034697341,0.377926107159758,13.8492690709004,1.28513125670411e-43,1.72441248626843e-42,"Bacteria","Proteobacteria","Alphaproteobacteria","Rhizobiales","Rhizobiaceae","Allorhizobium-Neorhizobium-Pararhizobium-Rhizobium",NA
"a6df59b17a38a9331a1d34449b849cf5",16.4111872780096,-4.1663987972292,0.243670943168176,-17.0984637850466,1.52367847762997e-65,4.88902050648225e-64,"Bacteria","Proteobacteria","Alphaproteobacteria","Rhizobiales","Rhizobiaceae","Mesorhizobium",NA
"57da8638ffe6aee9e61eb958f222b369",12.7440055058801,-4.51492547609716,0.262184889576825,-17.2203878087117,1.86732772607905e-66,6.89043930923171e-65,"Bacteria","Proteobacteria","Alphaproteobacteria","Rhizobiales","Rhizobiaceae","Mesorhizobium",NA
